300146.SZ,300146,汤臣倍健,10157500,通用,2023-03-31 00:00:00,一季报,2023一季报,058001001,2023-04-27 00:00:00,2023-04-27 00:00:00,CNY,,341253805.36,520458277.75,,102402.15,,,,,,,,,0,,,,,,,6115234557.48,320536817.12,,,386364120.12,,,0,,0,,82304798.06,,256439725.64,184949792.76,,,16029838.55,,,,,0,,,,,51448217.01,899437537.51,,,,,,,1117851067.38,,,,,724089054.56,,,,,704697314.26,156401836.42,2103385.01,,0,,,,,,460532832.86,,,1501590.17,,1799500.1,83356120.51,3620570860.46,2537205.0,0,,12758991.65,0,,341253805.36,520458277.75,,,,-156332305.8,,2717113729.76,10019604.66,217645099.64,,,1073015875.14,463366553.79,,,,0,,,,,,,,,275780759.59,,,,,,,,1700467763,,,,,,112909967.7,,852562906.16,289945068.76,13635474391.0,7916155474.55,1607038842.42,11757278072.65,13635474391.0,1878196318.35,5719318916.45,271157475.93,453684882.02,23549110.72,11673921952.14,,,,,,3161989031.3,,12471087.67,,29.7950013167,-1.3267388211,,,,,,,,,,,,,,,,,,-1.0171704184,21.6635678391,,,-13.6279080444,,,,,,,,-9.8517017896,6.9648832728,-15.9159449153,,,-7.8462751043,,,,,,,,,,34.8266572063,,6.3426716204,,,,,,-3.1797002892,,,,,-9.9948008825,,,,,0.5552476201,-2.8430382564,-93.9173425238,,,,,,,,64.6354132304,,,-48.9116144629,,-41.5335462428,88.2296456518,41.7920758649,,,,-58.247626897,,,29.7950013167,-1.3267388211,,,,-26.8065202903,,-20.2684430488,17.2149535041,-11.3622964063,,,123.4926579042,-24.1705092141,,,,,,,,,,,,,22.0848535583,,,,,,,,0.0093512428,,,,,,13.8682135584,,11.410736013,63.7430509148,4.8731834911,1.0967344574,-37.7764714991,16.7581911256,4.8731834911,-35.943695386,10.591084307,-22.3968217222,-70.4108768555,-11.8022836944,16.4424895231,,,,,,110.079513591,,-81.0395766232,,,0
300146.SZ,300146,汤臣倍健,10157500,通用,2022-12-31 00:00:00,年报,2022年报,058001001,2023-03-18 00:00:00,2023-04-27 00:00:00,CNY,,366924885.1,330341280.1,,102636.77,,,,,,,,,0,,,,,,,6113497857.48,328216836.4,,,880281750.64,,,0,,0,,84811872.77,,250105311.63,194117739.74,,,16029838.55,,,,,0,,,,,71873816.52,903696415.2,,,,,,,1142252793.44,,,,,748063742.9,,,,,898906931.14,157668807.19,3915666.21,,0,,,,,,444632832.86,,,2064287.87,,562715.01,62961393.8,2961005512.85,2592590.0,0,,20337279.21,0,,366924885.1,330341280.1,,,,-105611937.65,,956888009.06,78916306.72,215302091.43,,,1138145059.41,491675790.93,,,,0,,,,,108680.36,,,,229193178.07,,,,,,,,1700362763,,,,,,156373755.51,,852562906.16,79668311.06,13162181153.57,7304281714.04,2122422106.76,10756242372.72,13162181153.57,2405938780.85,5857899439.53,283516674.09,539817181.75,23480396.3,10693280978.92,,1830000000.0,,,,2132469389.93,,20045631.72,,-10.0824685961,13.7161997701,,,,,,,,,,,,,,,,,,-0.9827877158,18.3746160105,,,1.1968850204,,,,,,,,-9.7871964142,3.1996924487,-12.1744569877,,,-8.2726350375,,,,,,,,,,46.6864670705,,9.0639636234,,,,,,1.9861531805,,,,,-7.1619716503,,,,,7.9438775588,-2.502770382,-90.5418337178,,,,,,,,58.385129045,,,-34.2273044242,,-55.9387913663,47.9117767844,2.0235087557,,,,-37.5923025313,,,-10.0824685961,13.7161997701,,,,42.4816220638,,-66.6102499006,9.1054164819,-17.8645867168,,,28.9562988131,-26.6730150574,,,,,,,,,-78.263928,,,,68.7443480658,,,,,,,,0.0031758938,,,,,,-29.5366347355,,11.3309229307,20.0263070942,1.5136165427,-0.4691808539,2.4733251495,2.085385496,1.5136165427,-0.9661827016,4.099475944,-20.8532856448,34.940729964,4.121058987,1.8994988002,662.5,,,,,4.672094679,,-73.2447380029,标准无保留意见,,0
300146.SZ,300146,汤臣倍健,10157500,通用,2022-09-30 00:00:00,三季报,2022三季报,058001001,2022-10-26 00:00:00,2022-10-26 00:00:00,CNY,,308905867.56,576959700.83,,,,,,,,,,,0,,,,,,,6169165624.71,337178195.7,,,414649996.92,,,0,,0,,87078738.72,,235505757.21,205524960.56,,,17394672.4,,,,,0,,,,,60451322.44,805320901.96,,,,,,,1121849364.1,,,,,751575663.9,,,,,722503415.47,158395088.39,16198358.13,,0,,,,,,455437130.86,,,2706156.4,,2650908.77,53448342.28,4529993350.47,,0,,26295541.99,0,,308905867.56,576959700.83,,,,-132955623.65,,689702188.31,9834646.26,221253839.92,,,990650622.97,585515033.31,,,,0,,,,,500000.0,,,,240926222.76,,,,,,,,1700322263,,,,,,146090219.89,,764423703.42,156471452.37,12664898418.57,6938950066.19,1481882717.83,10871062734.56,12664898418.57,1793835684.01,5725948352.38,311952966.18,419634992.84,23413865.91,10817614392.28,,95000000.0,,,,2316658424.8,,43165925.26,,34.6079514603,2.9412198619,,,,,,,,,,,,,,,,,,-0.3723257981,60.6370181913,,,-3.5459949847,,,,,,,,-9.5942106595,16.5228352238,8.4695135598,,,-8.6794717825,,,,,,,,,,27.9198433884,,-2.2030289135,,,,,,-0.5968998902,,,,,-8.9542517397,,,,,9.9670508409,-2.7575288679,-65.1613494681,,,,,,,,117.0790055271,,,-4.4159777424,,-4.4446868515,17.6286015914,72.5392774183,,,,-9.0654307429,,,34.6079514603,2.9177456197,,,,25.3445135303,,-78.9528060803,338.2783493479,-6.1430157142,,,2320.9789153625,-4.5090991811,,,,,,,,,,,,,36.7074903668,,,,,,,,0.0007939734,,,,,,9.1193509721,,31.7776550936,11.0682429775,4.9753500795,-7.6598957108,14.446455828,4.1813684965,4.9753500795,10.0585047176,25.8427229622,-6.8982252984,27.3450744683,11.3493912164,4.1225562777,-36.6666666667,,,,,10.5916563889,,-43.3107740734,,,0
300146.SZ,300146,汤臣倍健,10157500,通用,2022-06-30 00:00:00,中报,2022中报,058001001,2022-08-06 00:00:00,2022-08-06 00:00:00,CNY,,253762973.48,529583914.46,,,,,,,,,,,0,,,,,,,6181975330.7,329594682.12,,,396383586.86,,,0,,0,,89241819.23,,236464035.32,210344886.52,,,17394672.4,,,6000000.0,,0,,,,,78119535.69,818775367.12,,,,,,,1118190316.8,,,,,765218252.16,,,,,678922228.17,159686777.84,27682488.79,,0,,,,,,407737130.86,,,2994363.44,,2906709.57,45560720.84,2159969343.45,,0,,28871387.66,0,,253762973.48,529583914.46,,,,-157354600.82,,1181411102.18,16472345.15,234179484.2,,,486325248.72,583261316.8,,,,0,,,,,500000.0,,,,210104994.22,,,,,,,,1700308763,,,,,,119679154.93,,764595933.02,148460084.85,12148421014.42,6931607390.28,1398071448.44,10419673661.87,12148421014.42,1728747352.55,5216813624.14,330675904.11,434441915.51,23496272.11,10374112941.03,,2070000000.0,,,,1884587515.13,,56991976.36,,-6.7787305762,40.9396585896,,,,,,,,,,,,,,,,,,-0.0409741568,145.2843759526,,,-0.4967925996,,,,,,,,-5.1163218438,9.1802057545,4.592565733,,,-13.7544009183,,,,,,,,,,23.2195810672,,-2.2842255855,,,,,,-4.9105674133,,,,,-12.3993989674,,,,,-3.1292993636,-2.7335674545,-46.6757110489,,,,,,,,94.3433349768,,,145.517131158,,36.1560991209,4.626291327,-23.4361388121,,,,-6.0441983049,,,-6.7787305762,40.89172484,,,,-86.2268820356,,-60.1812341734,307.8291380564,-6.3004481501,,,851.4828400484,-14.8400918683,,,,,,,,,,,,,51.771410426,,,,,,,,0.0,,,,,,11.9628994217,,31.7882514593,-22.959103262,2.1992272803,-3.5325556488,6.7281813731,1.8754904074,2.1992272803,4.1949102407,10.9591596908,-5.3077224842,42.4419805388,26.1218020714,1.8637285065,1967.2248213764,,,,,4.4779783847,,-30.4310102285,,,0
300146.SZ,300146,汤臣倍健,10157500,通用,2022-03-31 00:00:00,一季报,2022一季报,058001001,2022-04-29 00:00:00,2022-04-29 00:00:00,CNY,,262917525.25,527456244.51,,,,,,,,,,,0,,,,,,,6178076120.2,263461628.5,,,447325184.99,,,0,,0,,91299336.42,,239741976.8,219958222.25,,,17394672.4,,,1190216134.1,,0,,,,,38158787.05,845791744.56,,,,,,,1154562700.92,,,,,804496919.8,,,,,700806105.04,160978517.25,34580033.78,,0,,,,,,279728901.47,,,2939200.67,,3077833.5,44284267.88,2553436670.12,,0,,30558722.06,0,,262917525.25,527456244.51,,,,-123284122.49,,3407827256.43,8548060.09,245544605.53,,,480112360.38,611063781.37,,,,0,,,,,500000.0,,,,225892689.84,,,,,,,,1700308763,,,23823000.0,,,99158460.62,,765243042.7,177073205.33,13001869436.1,7830278116.34,2582686776.43,10069767233.72,13001869436.1,2932102202.38,5171591319.76,349415425.95,1533282618.09,26700363.35,10025482965.84,,350000000.0,,,,1505139162.43,,65774310.11,,3.9132972699,19.1368841036,,,,,,,,,,,,,,,,,,92.308814925,137.3269935285,,,24.3808311274,,,,,,,,-3.8253605917,9.1580055083,3.9908345794,,,-30.4854020252,,,0.0257194708,,,,,,,4.1560610205,,-1.3954950446,,,,,,-4.683217956,,,,,-11.9562905128,,,,,-5.408293253,-2.7099488505,-40.9971998233,,,,,,,,27.4017077585,,,137.4541551483,,73.4032379618,26.9504830263,2.0354344102,,,,-70.2588782954,,,3.9132972699,19.1368841036,,,,-410.4558778293,,237.64874946,76.9351792654,-18.973110073,,,1459.1326569128,-13.2427047232,,,,,,,,,,,,,28.182672279,,,,,,,,7.5450131688,,,,,,29.351765117,,31.8950867983,-36.021758751,33.3702684929,58.9910605724,1.6555817013,50.3500843885,33.3702684929,-3.9018857104,7.2116494495,-31.5583124986,4.5212615869,59.6049401695,50.4725955562,,,,,,20.4920162051,,8.1411274196,,,0
300146.SZ,300146,汤臣倍健,10157500,通用,2021-12-31 00:00:00,年报,2021年报,058001001,2022-03-05 00:00:00,2023-03-18 00:00:00,CNY,,408068236.94,290496236.04,,,,,,,,,,,0,,,,,,,6174176909.7,277269610.21,,,869870402.1,,,0,,0,,94013121.64,,242350830.41,221026518.12,,,17475524.95,,,,,0,,,,,48998260.0,828593043.18,,,,,,,1120007724.4,,,,,805772974.93,,,,,832753975.0,161716192.15,41399845.31,,0,,,,,,280728901.47,,,3138517.97,,1277121.14,42566856.52,2902277670.08,,0,,32587773.68,0,,408068236.94,290496236.04,,,,-183614248.94,,2865813629.07,72330329.02,262130648.43,,,882581983.11,670525034.29,,,,0,,,,,500000.0,,,,135822728.7,,,,,,,,1700308763,,,,,,221922065.35,,765791645.05,66375707.95,12965926741.5,7338713552.95,2071194726.69,10536515408.6,12965926741.5,2429411332.9,5627213188.55,358216606.21,400040211.65,22551054.06,10493948552.08,,240000000.0,,,,2037285483.27,,74922203.05,,16.7121799148,76.9402388184,,,,,,,,,,,,,,,,,,93.1175978961,151.0575173392,,,0.2844064279,,,,,,,,-3.4138614125,8.5151659907,1.4853843762,,,-30.2104101752,,,,,,,,,,-47.8907009404,,-5.116600963,,,,,,-7.8603751767,,,,,-12.6903503849,,,,,-4.5797667436,-3.0189669871,,,,,,,,,32.5427848218,,,137.8662941852,,-4.3678001896,382.2487001761,58.9388632326,,,,-68.3149513808,,,16.7121799148,76.9402388184,,,,-614.9409836335,,68.0423489397,-0.0908072773,5.7379176409,,,878.5421795407,-4.508950026,,,,,,,,,,,,,2.9629180416,,,,,,,,7.5450131688,,,,,,-10.1611776126,,31.9896423193,15.7030870967,34.4976510046,51.3271321442,-7.4418566783,51.7710108872,34.4976510046,-9.9512917452,17.4613439753,-22.1544036768,-26.0619970066,57.7092569869,51.350296847,485.6515373353,,,,,32.3278633163,,,标准无保留意见,,0
300146.SZ,300146,汤臣倍健,10157500,通用,2021-09-30 00:00:00,三季报,2021三季报,058001001,2021-10-26 00:00:00,2021-10-26 00:00:00,CNY,,229485601.86,560474901.7,,,,,,,,,,,0,,,,,,,6192220860.45,209900681.36,,,429894017.21,,,0,,0,,96319869.95,,202111248.63,189477166.27,,,19047932.31,,,,,0,,,,,47257189.22,823462008.09,,,,,,,1128585892.05,,,,,825492324.75,,,,,657018088.55,162886737.19,46495366.16,,0,,,,,,209802477.1,,,2831180.71,,2774213.89,45438219.58,2625485291.38,,0,,28916991.86,0,,229485601.86,560602738.97,,127837.27,,-178092233.99,,3276931789.3,2243927.01,235735083.12,,,40919423.82,613163168.73,,,,0,,,,,,,,,176234836.96,,,,,,,,1700308763,,,,,,133881129.78,,580085981.1,140878659.98,12064640326.5,7514557320.03,1294826219.92,10434747490.31,12064640326.5,1629892836.19,4550083006.47,335066616.27,329525892.22,21027385.65,10389309270.73,,150000000.0,,,,2094785900.17,,76144848.61,,-40.5537564758,15.361829176,,,,,,,,,,,,,,,,,,92.3950266213,192.3521210697,,,236.4733120188,,,,,,,,-5.7872605717,34.2599205541,-8.935990344,,,-31.0950552903,,,,,,,,,,-36.542699802,,-17.9295689002,,,,,,-4.2219339296,,,,,5.4954025982,,,,,-1.4954769048,-2.9979223323,,,,,,,,,22.5497484572,,,55.1961694702,,198.7764732809,433.6394308359,-4.6341140238,,,,-71.7883006244,,,-40.5537564758,15.3881417571,,,,-436.7023733678,,6442.3263365789,,-23.1089831723,,,-52.7287115368,14.2569967332,,,,,,,,,,,,,33.5306936516,,,,,,,,7.5450131688,,,,,,33.9666421881,,24.2174595542,-55.04757362,30.4473743279,57.7442885414,-30.7718514011,50.7202751254,30.4473743279,-29.909464692,1.4532520565,-26.364714474,-42.2634601967,77.5993802232,50.2487501731,-74.553844066,,,,,31.3065417933,,,,,0
300146.SZ,300146,汤臣倍健,10157500,通用,2021-06-30 00:00:00,中报,2021中报,058001001,2021-08-06 00:00:00,2021-08-06 00:00:00,CNY,,272215745.45,375752233.09,,,,,,,,,,,0,,,,,,,6184509381.27,134372473.11,,,398362622.89,,,0,,0,,94053920.51,,216581415.73,201108831.25,,,20168765.23,,,,,0,,,,,63398637.63,837915241.45,,,,,,,1175935418.25,,,,,873530824.15,,,,,700854049.48,164174601.31,51913470.08,,0,,,,,,209802477.1,,,1219614.87,,2134836.11,43546149.12,2821134292.26,,0,,30728690.66,0,,272215745.45,375880070.36,,127837.27,,-84496179.66,,2966970667.36,4039030.96,249925938.36,,,51112350.98,684901298.74,,,,0,,,,,,,,,138435159.58,,,,,,,,1700308763,,,,,,106891796.79,,580170026.2,192702955.36,11886998891.98,7185436949.12,1309936542.02,10227851292.01,11886998891.98,1659147599.97,4701561942.86,349211057.95,304995699.91,18629825.87,10184305142.89,,100134246.58,,,,1803813152.08,,81921523.58,,-16.5863374623,26.642181331,,,,,,,,,,,,,,,,,,91.3182717669,178.9037524526,,,195.0341021134,,,,,,,,-10.6933583216,46.6431978783,-5.0881995255,,,-31.4109298081,,,,,,,,,,49.9509664704,,-4.8012697104,,,,,,-0.2651207512,,,,,9.7314047163,,,,,43.8039776467,-2.9751048547,,,,,,,,,22.5497484572,,,-35.8092179955,,118.2139616099,176.6495962197,20.3917723779,,,,-62.525987,,,-16.5863374623,26.6852671447,,,,-229.0914515323,,6339.2057184096,,-21.2449353788,,,-76.1533563042,26.1710364082,,,,,,,,,,,,,0.2640619111,,,,,,,,7.5450131688,,,,,,38.4025340509,,24.3623273242,2.7265269857,41.6848667909,84.6043888155,-9.7053079095,60.441266564,41.6848667909,-17.6568619847,4.5395225278,-38.1033672573,-18.1323086275,117.8852946823,58.3469943906,-81.1067459283,,,,,66.0862097209,,,,,0
300146.SZ,300146,汤臣倍健,10157500,通用,2021-03-31 00:00:00,一季报,2021一季报,058001001,2021-04-29 00:00:00,2021-04-29 00:00:00,CNY,,253016247.35,442731273.76,,,,,,,,,,,0,,,,,,,3212580828.71,111012078.56,,,359641578.96,,,0,,0,,94930781.11,,219628396.18,211516931.41,,,25023049.7,,,1189910095.52,,0,,,,,36636165.65,857761767.52,,,,,,,1211290054.24,,,,,913747188.17,,,,,740874786.11,165462465.43,58607445.2,,0,,,,,,219564483.39,143700000.0,,1237797.11,,1774957.34,34883103.1,2502499925.52,,0,,102749056.89,0,,253016247.35,442731273.76,,,,39710674.3,,1009281764.52,4831181.75,303040886.49,,,30793554.24,704337058.25,,,,0,,,,,,,,,176227165.36,,,,,,,,1581020554,,,,,,76657988.03,,580190711.63,276770980.06,9748701553.22,4924980114.07,2540624659.47,6697546778.69,9748701553.22,3051154774.53,4823721439.15,510530115.06,1466957626.43,16729033.15,6662663675.59,,,,,,1249160906.95,,60822659.87,,3.6534415937,28.9132283883,,,,,,,,,,,,,,,,,,-0.4459176145,2.4354540134,,,220.9568631851,,,,,,,,-11.2722103575,36.9737079343,6.5968179657,,,-27.5943253136,,,,,,,,,,118.5517978048,,4.4104695498,,,,,,14.5728763023,,,,,19.5572795748,,,,,26.1684265038,-2.9526320856,,,,,,,,,28.2519281064,-41.6091019911,,-37.4943592416,,42.1038449085,158.4918102063,6.2330322289,,,,-9.7901168657,,,3.6534415937,28.9132283883,,,,129.475870354,,1990.6359133236,,-4.5146792384,,,-24.1888623234,29.5623302631,,,,,,,,,,,,,60.8164484579,,,,,,,,-0.0930178152,,,,,,35.3690945475,,24.3667613489,17.7826163377,21.9742529101,29.5763359452,122.979548035,6.3058707516,21.9742529101,80.3106895983,15.0808713746,-7.6410178403,297.5457834031,69.048188897,4.7605416281,,,,,,1.857195915,,,,,0
300146.SZ,300146,汤臣倍健,10157500,通用,2020-12-31 00:00:00,年报,2020年报,058001001,2021-03-06 00:00:00,2022-03-05 00:00:00,CNY,,349636376.63,164177599.16,,,,,,,,,,,0,,,,,,,3197107346.49,110440672.38,,,867403450.93,,,0,,0,,97336039.12,,223333603.37,217791477.54,,,25040303.28,,,,,0,,,,,94029781.41,873275042.41,,,,,,,1215554900.02,,,,,922891087.62,,,,,872722636.05,166750329.55,,,0,,,,,,211802477.1,143700000.0,,1319446.28,,1335450.97,8826743.65,1826033992.6,,0,,102849056.89,0,,349636376.63,164177599.16,,,,35657338.37,,1705411550.81,72396069.92,247906005.98,,,90193555.43,702186261.93,,,,0,,,,,,,,,131914218.52,,,,,,,,1581020554,,,,,,247022455.83,,580190711.63,57367274.82,9640262595.41,4849568910.06,2237722854.37,6942376773.41,9640262595.41,2697885822.0,4790693685.35,460162967.63,541048169.35,14299131.51,6933550029.76,,40980000.0,,,,1539574079.27,,,,3.2745515451,44.6116020815,,,,,,,,,,,,,,,,,,-0.5011266278,-9.0895647361,,,,,,,,,,,-11.416770043,34.3789100496,-2.8238055953,,,-27.187702784,,,,,,,,,,112.1680530722,,5.4244895059,,,,,,2.7025366999,,,,,6.3704451912,,,,,17.5441306325,-2.9162021425,,,,,,,,,23.7179877473,-53.2682926829,,-14.6130978448,,46.0854120731,114.5220457448,0.2459753929,,,,-50.9403282508,,,3.2745515451,44.6116020815,,,,-45.0413153883,,447.5219883347,22034.6053717611,-21.7758588635,,,151.1553088515,12.5543515998,,,,,,,,,,,,,73.3059531261,,,,,,,,-0.0930178152,,,,,,96.5475610801,,24.3667613489,-45.2208350396,15.71957577,27.3549764567,27.3674847567,17.0446405445,15.71957577,12.4438620165,5.9232864608,-28.3698551758,29.1478883781,69.1332066986,15.710092428,-94.0608695652,,,,,122.5472636464,,,标准无保留意见,,0
300146.SZ,300146,汤臣倍健,10157500,通用,2020-09-30 00:00:00,三季报,2020三季报,058001001,2020-10-28 00:00:00,2020-10-28 00:00:00,CNY,,386038861.76,485840858.89,,,,,,,,,,,0,,,,,,,3218493205.98,71797215.15,,,127764670.14,,,0,,0,,102236566.45,,150537291.99,208070308.99,,,27643781.43,,,113195707.72,,0,,,,,74470847.44,1003360159.14,,,,,,,1178334391.53,,,,,782491278.69,,,,,666992812.01,167920874.59,,,0,,,,,,171197803.13,143800000,,1824259.4,,928524.88,8514779.26,2753065485.11,,0,,102500000.0,0,,386038861.76,485840858.89,,,,52893073.55,,50088173.85,,306583386.26,,,86562954.28,536652621.95,,,,0,,,,,,,,,131980769.47,,,,,,,,1581020554,,,270000000.0,,,99936168.88,,466992307.83,313395007.4,9248664749.8,4763758732.26,1870375340.27,6923254009.21,9248664749.8,2325410740.59,4484906017.54,455035400.32,570740632.09,11839785.49,6914739229.95,,589480000,,,,1595340088.59,,,,70.5930549429,8.1883931859,,,,,,,,,,,,,,,,,,0.6490494677,-42.8852547285,,,,,,,,,,,-7.2552277557,12.6082967839,-43.8815156959,,,-20.390325834,,,,,,,,,,,,22.7981868545,,,,,,-45.2850420186,,,,,-45.6483068134,,,,,23.0888134858,-2.4272448848,,,,,,,,,-39.8421689665,-83.2753747921,,-17.2707750969,,-58.4644993175,115.0387379621,39.5419909246,,,,,,,70.5930549429,-0.1302667015,,,,436.2900155848,,-11.0158398964,,-62.6582140248,,,618.4644821207,215.6780129118,,,,,,,,,,,,,5.0740124306,,,,,,,,-0.0930178152,,,218.3240686552,,,21.5023746052,,1.2035025352,45.8997813511,-4.2909639045,36.2280880063,88.0606122602,-5.4936795577,-4.2909639045,-0.5218397306,-27.2688261631,-66.1192374713,58.6311681536,-13.698583271,-6.3338389887,96.4933333333,,,,,-26.9232857922,,,,,0
300146.SZ,300146,汤臣倍健,10157500,通用,2020-06-30 00:00:00,中报,2020中报,058001001,2020-07-30 00:00:00,2020-07-30 00:00:00,CNY,,326344314.79,296703854.23,,,,,,,,,,,0,,,,,,,3232576441.42,48178797.14,,,135022568.59,,,0,,0,,105315706.36,,147692780.07,211890228.87,,,29405217.44,,,,,0,,,,,42279579.2,880174807.9,,,,,,,1179061354.57,,,,,796062737.38,,,,,487367638.19,169208738.71,,,0,,,,,,171197803.13,246000000,,1899984.44,,978322.42,-56811974.58,2343294925.01,,0,,82000000.0,0,,326344314.79,296703854.23,,,,65454512.02,,46076655.99,,317345861.58,,,214337714.07,542835597.01,,,,0,,,,,,,,,138070567.8,,,,,,,,1581020554,,,270000000.0,,,77232543.12,,466515896.48,187588309.48,8389744904.46,3892343511.02,1450734823.6,6374825823.21,8389744904.46,2014919081.25,4497401393.44,564184257.65,372547087.62,8550290.6,6431637797.79,,530000000,,,,1086070393.87,,,,22.374359891,12.9405654801,,,,,,,,,,,,,,,,,,59.0362316858,-76.8693035285,,,,,,,,,,,-6.7933603235,21.4923694113,-44.5865748366,,,-17.5971490195,,,,,,,,,,,,36.6307649088,,,,,,-45.4502441789,,,,,-46.2627035816,,,,,-26.3813444602,-2.6634407454,,,,,,,,,-31.629016052,-71.4471423929,,-22.3167833691,,-68.7232098516,-104.5220744941,19.7028194795,,,,,,,22.374359891,-7.0755249572,,,,285.9663636489,,-11.5478934118,,-61.116482927,,,1174.1346781863,101.0502211148,,,,,,,,,,,,,59.7073163404,,,,,,,,7.6429353641,,,-18.2158214559,,,-7.0814045518,,1.1002577998,7.4354641674,-12.556871461,14.0683543462,19.0857690569,-9.1417057901,-12.556871461,-21.8504771381,-27.2527123171,-58.5177014375,11.5788146286,-41.3157704253,11.6622524853,65.4853717176,,,,,-41.5781664092,,,,,0
300146.SZ,300146,汤臣倍健,10157500,通用,2020-03-31 00:00:00,一季报,2020一季报,058001001,2020-04-28 00:00:00,2020-04-28 00:00:00,CNY,,244098259.99,343433547.74,,,,,,,,,,,0,,,,,,,3226970458.4,108372711.02,,,112052933.03,,,0,,0,,106991035.72,,160343469.92,198427059.5,,,34559514.58,,,,,0,,,,,16763149.98,821528503.05,,,,,,,1057222349.07,,,,,764275660.52,,,,,587210926.41,170496602.83,,,0,,,,,,171197803.13,246100000,,1980296.65,,1249056.52,-59637585.12,2355670240.24,,0,,113900000.0,0,,244098259.99,343433547.74,,,,-134722652.2,,48276304.74,,317369082.57,,,40618773.42,543627964.1,,,,0,,,,,,,,,109582798.93,,,,,,,,1582492554,,,8729986.86,,,56628869.6,,466515896.48,234984574.69,7992425713.32,3800832982.46,1139398066.71,6300260494.87,7992425713.32,1692165218.45,4191592730.86,552767151.74,369003442.54,9896014.42,6359898079.99,,330000000,,,7742720.0,1226384543.31,,,,,14.9224823581,,,,,,,,,,,,,,,,,,59.5071813867,-10.9902070561,,,,,,,,,,,-0.6939016296,47.3072502728,-49.3281944029,,,-5.4487006765,,,,,,,,,,,,26.7333908451,,,,,,-50.593687012,,,,,-49.3253374566,,,,,-10.7379094388,-2.6271751856,,,,,,,,,-31.629016052,-72.2469692698,,-24.3304137808,,-61.0290154493,-104.7450355719,-5.4724896669,,,,,,,-38.5220780135,-17.6208929244,,,,-135.1188950402,,-33.8918378609,,-51.5497585265,,,-15.1592944233,101.3436904074,,,,,,,,,,,,,-13.7088332819,,,,,,,,7.7391945964,,,-98.4900708097,,,-47.7102556018,,1.1002577998,10.2466040245,-22.6564849859,-13.0085739616,-51.0752246378,-4.7652932585,-22.6564849859,-54.4892238,-29.723953295,-60.2121516995,-63.3364798344,-68.6229274466,18.6843264153,-19.6797767071,,,,-71.3283989092,-17.6717140924,,,,,0
300146.SZ,300146,汤臣倍健,10157500,通用,2019-12-31 00:00:00,年报,2019年报,058001001,2020-03-13 00:00:00,2021-03-06 00:00:00,CNY,,338550370.25,113530032.72,,515392220.69,,,,,,,,,0,,,,,,,3213209595.38,121482943.14,,,,,,0,,0,,109880887.35,,166196915.34,224120196.18,,,34390211.87,,,,,0,,,,,44318539.03,828341732.08,,,,,,,1183568526.23,,,,,867619841.17,,,,,742463814.53,171759174.27,,,0,,,,,,171197803.13,307500000,,1545256.06,,914157.65,-60781681.9,1821553419.42,,0,,209640735.91,0,,338550370.25,113530032.72,,,,64880261.64,,311478184.83,327071.88,316917517.25,,,35911466.83,623864161.58,,,,0,,,,,,,,,76116380.39,,,,,,,,1582492554,,,43650075.44,,,125680753.54,,466515896.48,104724624.52,8330710280.66,3807914731.71,1756902759.48,5931392280.0,8330710280.66,2399318000.66,4522795548.95,642415241.18,418936907.25,8454360.79,5992173961.9,,690000000,,,26720800.0,691796454.4,,,,-0.1828674581,-48.7384884674,,55.925257597,,,,,,,,,,,,,,,,58.8269903222,96.1141488521,,,,,,,,,,,-0.269004462,62.5233370339,-44.8667407473,,,-5.8958906843,,,,,,,,,,,,25.9298918857,,,,,,-45.348397486,,,,,-44.4876705581,,,,,10.5690944693,-2.7889408305,,,,,,,,,-31.629016052,-65.5462184874,,-43.14033905,,-57.0918325199,-104.6893544857,0.47201633,,,,,,,-0.1828674581,-54.3205756719,,,,275.7121326326,,-72.0373210654,,,,,87.5186606278,,,,,,,,,,,,,,35.3997722211,,,,,,,,7.7391945964,,,-72.3930614099,,,-50.0938495634,,1.1002577998,-0.6615138608,-14.90979354,-7.025017554,17.8194647343,-13.8873990949,-14.90979354,-17.3360503192,-20.5804207179,-54.4810587242,36.8607061545,-73.9750015167,7.1602838254,,,,,-47.8174603175,-59.9323746754,,,标准无保留意见,,0
300146.SZ,300146,汤臣倍健,10157500,通用,2019-09-30 00:00:00,三季报,2019三季报,058001001,2019-10-25 00:00:00,2019-10-25 00:00:00,CNY,,226292249.64,449069299.01,,26605453.79,,,,,,,,,0,,,,,,,3197738302.55,125706969.03,,,,,,0,,0,,110234317.23,,133682238.6,370769652.05,,,34724148.44,,,,,0,,,,,,817080597.72,,,,,,,2153587309.58,,,,,1439681512.78,128963.28,1109354.2,,,541879309.03,172098117.34,,,0,,,,,,284581076.46,859810000,,2205096.69,,2235497.02,-56618974.82,1972929773.23,,0,,,0,,226292249.64,486474573.27,,37405274.26,,-15728410.33,,56288865.11,,821019611.82,,,12048327.57,170000000.0,,,,0,,,,,,,,,125607432.72,,,,,,,,1582492554,,,84819222.48,,,82250383.34,,461438879.22,214801560.7,9663314068.46,3496899062.43,994559848.44,7325704753.72,9663314068.46,2337609314.74,6166415006.03,1343049466.3,359790978.49,13719109.07,7382323728.54,,300000000,,,26720800.0,2183103203.1,,,,,-3.9852997564,,7.3157818508,,,,,,,,,,,,,,,,58.0108748579,120.479780467,,,,,,,,,,,55.3173354829,51.2892346436,-12.6031492187,,,-14.7914633497,,,,,,,,,,,,24.2245841874,,,,,,-3.7908710727,,,,,-10.6810078773,,,,,-0.2223173966,7.7560756005,,,,,,,,,11.8436262028,-5.1034711109,,-37.6617055834,,636.1542375423,-104.1725981723,50.930977402,,,,,,,-36.3556235954,-3.7262487468,,-0.5034276319,,-221.8529485124,,-94.1127246139,,,,,-35.0006146531,,,,,,,,,,,,,,64.0349102906,,,,,,,,7.7391945964,,,-46.9165199428,,,-43.3737589846,,29.1661719594,64.8349679316,0.743586436,0.9478867895,-12.4113795243,3.8380131731,0.743586436,-7.8612683742,0.6280972039,-4.1749548842,12.5079290689,-81.9046834978,29.5596455993,,,,,-47.8174603175,15.7222587815,,,,,0
300146.SZ,300146,汤臣倍健,10157500,通用,2019-06-30 00:00:00,中报,2019中报,058001001,2019-07-31 00:00:00,2019-07-31 00:00:00,CNY,,266677035.19,262707958.8,,29801607.06,,,,,,,,,0,,,,,,,2032603770.32,208289435.64,,,,,,0,,0,,112991635.28,,121565478.38,382380674.44,,,35684708.83,,,,,0,,,,,,644199575.76,,,,,,,2161442039.15,,,,,1481397075.1,1000272.7,659324.77,,,662016488.37,173838833.02,,,0,,,,,,250395406.42,861560000.0,,2445810.72,,3127950.2,1256325490.75,1957593760.28,,0,,,0,,266677035.19,319295701.26,,56587742.46,,-35196962.9,,52092208.73,,816144951.56,,,16822218.07,270000000.0,,,,0,,,,,,,,,86452249.63,,,,,,,,1468763880,,,330137203.56,,,83118500.39,,461438879.22,174605574.55,9594515938.11,3412290405.46,1218226858.75,7016228819.44,9594515938.11,2578287118.67,6182225532.65,1360060259.92,333886938.0,14569997.19,5759903328.69,,320270000.0,,,26720800,1859014562.05,,,,19.2042597163,70.7429940878,,22.7189952907,,,,,,,,,,,,,,,,-0.2143169875,342.5919192216,,,,,,,,,,,102.9653842392,47.1981219166,3387.7638312691,,,-11.3961871072,,,,,,,,,,,,1.1859936861,,,,,,,,,,,1004.8738246753,,-98.5147563916,,,88.5496037939,-0.3115872461,,,,,,,,,39.5384131887,,,-14.2270527125,,,12477.6722026166,19.2297811741,,,,,,,19.2042597163,50.8563454241,,-2.0868850372,,-338.2854387796,,-96.5783190298,,,,,-84.6823886179,,,,,,,,,,,,,,91.2942432245,,,,,,,,-0.0179710681,,,,,,42.1299994691,,29.1661719594,55.6941105943,56.5854657171,-10.8424211048,76.0358672338,30.6888872945,56.5854657171,239.8362981683,168.7834024173,1940.5482459529,22.1206773701,-73.5172219216,7.4877275678,,,,,-49.0216727717,21.261313002,,,,,0
300146.SZ,300146,汤臣倍健,10157500,通用,2019-03-31 00:00:00,一季报,2019一季报,058001001,2019-04-26 00:00:00,2019-04-26 00:00:00,CNY,,,298839305.15,,25753117.94,,,,,,,,,0,,,,,,,2023087882.53,121753694.1,,,,,,0,,0,,107738635.87,,108849679.58,391592636.5,,,36551073.15,,,734408940.0,,0,,,,,,648233664.05,,,,,,,2139852753.89,,160000000.0,,,1508200789.43,2043306.52,14028988.24,,,657850295.37,175096699.88,,,0,,,,,,250395406.42,886750000.0,,2617031.16,,3205093.57,1256841686.78,2492047269.56,,0,,,0,,397050277.73,416893991.61,,47331246.74,,-57299798.12,,73026239.39,,655041281.36,,,47876515.34,270000000.0,,,,0,,,,,,,,,126991907.86,,,,,,,,1468817880,,,578171937.85,,,108298233.72,,461438879.22,213144501.61,10333672722.09,4369204133.73,2328877461.93,6615508894.22,10333672722.09,3718163827.87,5964468588.36,1389286365.94,1006459393.08,31538998.43,5358667207.44,,410855431.51,,,27004840,1489627203.81,,,,,7.8039426732,,-51.6030320313,,,,,,,,,,,,,,,,-0.4342541457,617.2699280158,,,,,,,,,,,86.232043127,43.211707531,3399.9261694745,,,-9.332458247,,,50.3997215916,,,,,,,,,-0.1528703023,,,,,,,,,,,740.7707597431,,-71.5768188404,,,70.3929026899,0.5963889406,,,,,,,,,41.5218630506,,,-27.1503925077,,,3038.1581682048,-12.5786107463,,,,,,,83.0107822806,31.7760334909,,20.8685363089,,-2256.2160035412,,-84.9721898013,,,,,979.4762883678,,,,,,,,,,,,,,336.7940003321,,,,,,,,-0.030899659,,,,,,87.9028951151,,29.1661719594,45.2200397976,63.8674491406,5.8002345054,92.162590424,31.6519390675,63.8674491406,190.2281476777,174.0465751668,1908.0204333898,36.4958713189,-48.8003564311,7.496933365,,,,,-64.6162997904,24.1166010209,,,,,0
300146.SZ,300146,汤臣倍健,10157500,通用,2018-12-31 00:00:00,年报,2018年报,058001001,2019-02-28 00:00:00,2020-04-22 00:00:00,CNY,,339170602.91,221472269.01,,330537995.34,,,,,,,,,0,,,658737731.36,,,,2023087882.52,61945017.15,,,,,,0,,0,,110177269.12,,102260338.96,406506343.39,,,36544856.67,,,,,0,,,,,,657780070.86,,,,,,,2165661155.0,,160000000.0,,,1562931784.51,3481501.95,19942197.58,,,671493076.88,176686866.43,,,0,,,,,,250395406.42,892500000.0,,2717666.68,,2130498.0,1296163087.8,1812995783.26,,0,,,0,,339170602.91,248536478.71,,27064209.7,,-36924178.58,,1113906809.71,,,,,19150876.35,,,,,0,,,,,,,,,56216032.82,,,,,,,,1468817880,,,158112698.0,,,251834197.67,,461438879.22,105422005.7,9790445489.84,4095633719.45,1491182092.4,6887949286.93,9790445489.84,2902496202.91,5694811770.39,1411314110.51,306104592.78,32485538.07,5591786199.13,,,,,51206400,1726572135.97,,,,23.182283572,43.4094504864,,83.9931845055,,,,,,,,,,,,-13.0511520615,,,,-0.4342541461,509.7805279949,,,,,,,,,,,90.4473522306,34.5422220044,3533.2199757491,,,-8.9623979766,,,,,,,,,,,,-0.3216867163,,,,,,,,,,,749.9267375468,,-57.380369189,,,59.0826462652,1.7244438611,,,,,,,,,70.4175282353,,,-18.0533635609,,,4063.095967897,-31.7094545289,,,,,,,23.182283572,37.295172512,,1.7836414489,,-464.241356255,,52.2812599567,,,,,448.5094903753,,,,,,,,,,,,,,308.9831610368,,,,,,,,-0.030899659,,,,,,50.6279369281,,29.1661719594,111.594868529,60.1418157512,0.9158568824,63.4007907639,34.216746041,60.1418157512,195.675271725,177.1001551086,1943.6577392748,27.2375013332,-41.2399876268,9.6251314144,,,,,-36.5413142485,31.5030155628,,,标准无保留意见,,0
300146.SZ,300146,汤臣倍健,10157500,通用,2018-09-30 00:00:00,三季报,2018三季报,058001001,2018-10-27 00:00:00,2018-10-27 00:00:00,CNY,0.0,,467708900.69,,24791743.89,,,,,,,,,0,0.0,,997535743.42,,,,2023745710.81,57015191.49,,,,,,0,0.0,0,0.0,70973608.25,,88362029.8,424236856.06,,,40751959.61,,,,,0,,,,,,657744683.2,,,,,,,2238443829.18,,,,,1611842541.62,,,,,543086685.21,159710825.01,,,0,,,0.0,,,254445502.28,906050000.0,,3537306.74,,303672.37,1356923731.51,1307173522.09,,0,0.0,,0,0.0,355557336.6,505303436.23,,37594535.54,,12907697.78,,956110618.56,,,,,18536063.85,,,319791663.99,75815800.56,0,0.0,,,,,,,,76573597.96,,,,,,,,1468817880,,,159784592.85,,,145251356.73,,357244371.51,130313102.49,9591989336.81,3464063660.61,1135489796.55,7054935403.58,9591989336.81,2537053933.23,6127925676.2,1401564136.68,319791663.99,75815800.56,5698011672.07,,,,,51206400,1886502411.97,,,,,58.8654222873,,-80.0143135673,,,,,,,,,,,,25.0492513722,,,,1.04695474,-25.0072690421,,,,,,,,,,,452.9117750284,3257.5709658342,5893.2342836851,,,2.0740924596,,,,,,,,,,,,1.1960187416,,,,,,,,,,,764.2505939808,,,,,81.5913034814,24.4883265548,,,,,,,,,132.1005809925,,,-32.6024825477,,,2724.939520433,-55.0523356311,,,,,,,81.7852468438,54.7118874559,,16.7402051581,,22.388284041,,386.697139411,,,,,656.8249855027,,,39.0829357128,314.7742985023,,,,,,,,,,-10.8219888043,,,,,,,,-0.0887001287,,,,,,213.9271494274,,26.4455595779,31.5738179063,63.3723395112,-10.554887074,62.5506626102,36.9150150269,63.3723395112,253.1238465973,206.6405013005,6937.7553075901,36.9001896148,33.8793490111,11.6217450068,,,,,-40.3668378577,32.4190819227,,,,,0
300146.SZ,300146,汤臣倍健,10157500,通用,2018-06-30 00:00:00,中报,2018中报,058001001,2018-07-31 00:00:00,2018-07-31 00:00:00,CNY,0.0,223714350.33,153861632.92,,24284428.82,,,,,,,,,0,0.0,,892925815.61,,,,2036969341.65,47061283.0,,,,,,0,0.0,0,0.0,55670397.05,,82586297.16,10963491.02,,,40274461.86,,,,,0,,,,,,636648959.3,,,,,,,,,,,,134078393.57,,44391692.13,,,351109986.47,174382185.67,,,0,,,0.0,,,179445502.28,,,2851494.32,,,9988537.39,1641866437.23,,0,0.0,,0,0.0,223714350.33,211655466.24,,57793833.32,,14770924.77,,1522415712.72,,,,,109822723.99,,,273407374.73,10625183.92,0,0.0,,,,17820.0,,,,45193335.76,,,,,,,,1469027880,,,,,,58480616.83,,357244371.51,112146550.62,6127334931.23,3827257814.47,692033321.33,5368649901.83,6127334931.23,758685029.4,2300077116.76,66651708.07,273407374.73,55016876.05,5358661364.44,,,,,52416000,1533064846.51,,,,42.3326584335,40.0425109011,,-66.1802956442,,,,,,,,,,,,11.7044920112,,,,1.9025812978,-51.8661835131,,,,,,,,,,,610.4136862396,3038.1052941834,54.8822769907,,,7.6791350639,,,,,,,,,,,,-0.1947602694,,,,,,,,,,,-26.3534715485,,36.7331725338,,,9.4060138116,35.8079349365,,,,,,,,,63.6869387059,,,-65.102737159,,,-74.0563188579,-38.2988829474,,,,,,,42.3326584335,51.6270067925,,94.4496225003,,2.3630211092,,697.6541454176,,,,,2236.7891809966,,,18.3768778384,-89.4830337205,,,,,,,,,,-35.3402128246,,,,,,,,-0.0744155988,,,,,,19.9079459144,,26.4455595779,51.2198399864,10.9262617545,8.8599332859,17.9847560387,9.067216771,10.9262617545,26.1406423198,14.5441016796,346.8790810718,16.5272824432,-58.7872851403,9.7225070392,,,,,-38.9581804842,27.3646448712,,,,,0
300146.SZ,300146,汤臣倍健,10157500,通用,2018-03-31 00:00:00,一季报,2018一季报,058001001,2018-04-25 00:00:00,2018-04-25 00:00:00,CNY,0.0,216954582.01,277206285.54,,53212254.86,,,,,,,,,0,0.0,,855523399.63,,,,2031911542.64,16974599.01,,,,,,0,0.0,0,0.0,57851825.1,,76006132.08,11188597.06,,,40313294.53,,,488304720.4,,0,,,,,,649226138.01,,,,,,,,,,,,179383116.26,,49357558.4,,,386078460.42,174058633.44,,,0,,,0.0,,,176930547.0,,,3592375.1,,,40050297.64,2850615039.22,,0,0.0,,0,0.0,216954582.01,316365564.03,,39159278.49,,2657423.84,,485940655.52,,,,,4435161.37,,,249050470.9,12242476.74,0,0.0,,,,146441.82,,,,29073638.32,,,,,,,,1469271880,,,,,,57635212.94,,357244371.51,146773476.93,6306116789.08,4129673392.65,1211930718.04,5024999207.06,6306116789.08,1281117582.02,2176443396.43,69186863.98,737355191.3,61600035.14,4984948909.42,,,,,76320000,1200183691.43,,,,95.4629713032,54.5665078564,,-20.1760034489,,,,,,,,,,,,5.6549999428,,,,1.8790352952,-88.6451881316,,,,,,,,,,,513.5035940685,3885.1910754127,30.7583763553,,,13.0302923585,,,27.7336006495,,,,,,,,,13.79858263,,,,,,,,,,,-3.5384214709,,71.5080206415,,,33.7707564588,26.772709949,,,,,,,,,-19.6283880793,,,-69.5834435748,,,37.9188096033,28.5512970073,,,,,,,95.4629713032,64.5611903061,,203.4747025089,,-85.4433745217,,-17.7469048969,,,,,-28.452287378,,,15.3132146929,-35.7882106424,,,,,,,,,,-45.68039495,,,,,,,,-0.0714129344,,,,,,81.6694780089,,26.4455595779,72.1757639564,14.2575726967,21.8010600626,35.7312592952,9.0415374143,14.2575726967,40.6467059009,2.2426365226,284.6612162496,23.2497346031,28.7509114138,8.858415756,,,,,-15.9517647707,32.6815503936,,,,,0
300146.SZ,300146,汤臣倍健,10157500,通用,2017-12-31 00:00:00,年报,2017年报,058001001,2018-02-28 00:00:00,2019-02-28 00:00:00,CNY,0.0,275340408.6,154433524.61,,179646869.11,,,,,,,,,0,0.0,,757615249.63,,,,2031911542.64,10158575.8,,,,,,0,0.0,0,0.0,57851825.1,,76006132.08,11188597.06,,,40142595.87,,,3445000.0,,0,,,,,,659902890.8,,,,,,,,,,,,183890177.29,,46791108.23,,,422103285.71,173691651.41,,,0,,,0.0,,,146930547.0,,,3316385.88,,,31134595.45,2654826917.48,,0,0.0,,0,0.0,275340408.6,181023465.11,,26589940.5,,10137283.41,,731479901.09,14967.91,,,,3491439.38,,,237132337.32,8494002.78,0,0.0,,,,17820.0,,,,13745317.21,,,,,,,,1469271880,,,,,,167189568.42,,357244371.51,49822571.99,6113609642.75,4058463997.61,912591723.35,5131959677.24,6113609642.75,981649965.51,2055145645.14,69058242.16,240577337.32,55285111.01,5100825081.79,,,,,80692500,1312952504.23,,,,48.4811811578,183.927811929,,53.972270494,,,,,,,,,,,,-4.8594242678,,,,1.8790352952,-91.5273209306,,,,,,,,,,,513.5035940685,3885.1910754127,30.7583763553,,,13.400535731,,,,,,,,,,,,9.6944106878,,,,,,,,,,,-3.3219361912,,-2.5059358232,,,24.4065645896,54.3906499577,,,,,,,,,-33.2560425375,,,-78.1135797618,,,31.4926028419,31.7120754833,,,,,,,44.5432257138,134.7136177533,,16.9640855429,,-49.0429581263,,7.9367625726,,,,,-39.2277349082,,,17.2427580945,-38.4696792265,,,,,,-95.4273242472,,,,-48.1573188071,,,,,,,,-0.0714129344,,,,,,180.1799692473,,26.4455595779,33.966121748,14.7372149646,25.6680704557,50.5218984465,9.1048125367,14.7372149646,57.149189875,-2.0821689439,275.8036994556,18.9460319128,-10.5395505431,8.991544985,,,,,-11.136501294,30.8184439628,,,标准无保留意见,,0
300146.SZ,300146,汤臣倍健,10157500,通用,2017-09-30 00:00:00,三季报,2017三季报,058001001,2017-10-27 00:00:00,2017-10-27 00:00:00,CNY,,195591965.12,294405726.53,,124047497.56,,,,,,,,,0,,,797714286.55,,,,2002777536.46,76027623.96,,,,,,0,,0,,12836335.1,,2631724.86,7078596.23,,,39923900.99,,,3666000.0,,0,,,,,,649970909.31,18254.14,,,,,,,,,,,186501756.88,,38351135.44,,,299070866.72,128293816.32,,,0,,,,,,109627257.8,,,5248422.9,,,48033726.8,2908212340.83,,0,,,0,,195591965.12,326609315.25,,32203588.72,,10546514.22,,196448785.32,,,,,2449187.62,,,229928756.07,18278808.7,0,,,,,,,,,85866007.7,,,,,,,,1470121880,,,,,,46269128.68,,282528206.37,99041818.93,5871244401.29,3872837259.96,698545166.36,5152784303.6,5871244401.29,718460097.69,1998407141.33,19914931.33,233594756.07,56629944.14,5104750576.8,,,,,85869000,1424645439.75,,,,132.6688433127,54.9099258715,,444.2395396887,,,,,,,,,,,,-0.9111647438,,,,4.7860904799,-58.1788944339,,,,,,,,,,,31.7922997271,130.2102200878,-8.7014810558,,,14.8144562123,,,,,,,,,,,,13.8516535187,,,,,,,,,,,31.840243758,,-13.7659303432,,,34.5234313165,82.1409393899,,,,,,,,,-50.7492831037,,,-70.0416092114,,,391.6549831063,51.6823351673,,,,,,,119.4786518668,57.2535640829,,82.4943402784,,8.1918027232,,-75.8092192703,,,,,-89.0675252772,,,87.4031331749,4.1344775874,,,,,,,,,,204.4457554528,,,,,,,,0.9683920409,,,,,,27.4244346108,,30.561668658,10.4759764833,10.4096643543,19.1777560297,12.5151606019,10.118486118,10.4096643543,12.5439880685,-3.3680144597,13.5645844595,89.9533446833,-8.7002259551,8.7093578053,,,,,,29.2414414592,,,,,0
300146.SZ,300146,汤臣倍健,10157500,通用,2017-06-30 00:00:00,中报,2017中报,058001001,2017-07-31 00:00:00,2017-07-31 00:00:00,CNY,,157177103.83,109867805.09,,71805562.12,,,,,,,,,0,,,799364286.55,,,,1998937922.58,97771767.2,,,,,,0,,0,,7836335.1,,2631724.86,7078596.23,,,37402289.53,,,3666000.0,,0,,,,,,637891318.15,7894.92,,,,,,,,,,,182056637.82,,32465927.11,,,320923845.26,128403532.35,,,0,,,,,,109627257.8,,,8171111.68,,,38500848.57,2660999533.98,,0,,,0,,157177103.83,139589556.45,,29721751.36,,14429942.19,,190861631.13,,,,,4699727.51,,,230963495.34,101028981.53,0,,,,,,,,,69894037.29,,,,,,,,1470121880,,,,,,48771260.64,,282528206.37,74161267.88,5523791061.12,3515763512.75,586544689.81,4922331439.98,5523791061.12,601459621.14,2008027548.37,14914931.33,234629495.34,133494908.64,4883830591.41,,,,,85869000,1203681640.27,,,,11.2485112219,-2.2659159716,,130.2964256714,,,,,,,,,,,,1.8838873845,,,,4.5852004059,-54.1930358558,,,,,,,,,,,-21.8176809416,134.6803862037,16.0926263781,,,14.0085111514,,,,,,,,,,,,24.1691151236,,,,,,,,,,,32.1657023206,,0.6077507975,,,23.0716275375,81.3197335196,,,,,,,,,-50.7492831059,,,-65.3623160781,,,345.7834630926,62.8839083551,,,,,,,7.4077941353,5.8707514195,,52.9369296426,,57.1559940426,,-80.768471589,,,,,-77.634264176,,,147.2966131137,882.0624903637,,,,,,,,,,128.1845913752,,,,,,,,0.9683920409,,,,,,27.4735892299,,30.561668658,29.7432338123,8.026656345,13.7081568047,-6.3946369992,10.1049554478,8.026656345,-6.4281067434,-0.6635492863,-7.7256224819,150.4635959672,213.6832201578,8.8623065509,,,,,,34.7384897241,,,,,0
300146.SZ,300146,汤臣倍健,10157500,通用,2017-03-31 00:00:00,一季报,2017一季报,058001001,2017-04-27 00:00:00,2017-04-27 00:00:00,CNY,,110995233.81,179344341.4,,66661977.8,,,,,,,,,0,,,809732999.0,,,,1994435397.58,149492560.57,,,,,,0,,0,,9429745.1,,1907214.25,8556696.23,,,35665920.78,,,382283688.8,,0,,,,,,570504590.66,-12110.5,,,,,,,,,,,185963280.92,,28778571.53,,,288612003.58,137299765.47,,,0,,,,,,220140597.87,,,11810591.08,,,29039039.53,2217492242.85,,0,,,0,,110995233.81,192247979.88,,12903638.48,,18255768.44,,590787076.05,,,,,6198886.32,,,215977389.55,19065777.27,0,,,,,,,,,53523287.39,,,,,,,,1470321880,,,,,,31725314.33,,282528206.37,85246305.03,5519211234.97,3390506938.55,892889909.32,4608334884.32,5519211234.97,910876350.65,2128704296.42,17986441.33,598261078.35,47844348.8,4579295844.79,,,,,90805000,904559592.4,,,,47.135659949,17.1075185308,,429.3670721607,,,,,,,,,,,,8.9986348948,,,,-24.4335082293,-32.9872445498,,,,,,,,,,,-8.1509247918,15.2192907211,21.6130814727,,,18.9224747597,,,-12.4821556482,,,,,,,,,17.1967694437,,,,,,,,,,,32.9369226812,,-20.0379793383,,,18.725154577,124.7599171401,,,,,,,,,-3.6450161646,,,-47.2873088761,,,327.6325936614,38.1512137097,,,,,,,37.9003679664,16.7565595654,,12.0877598504,,187.6309194985,,-43.9939133362,,,,,-59.5782159687,,,167.7574933194,-90.7107333389,,,,,,,,,,-4.4174950004,,,,,,,,101.9642561965,,,,,,12.4174649293,,30.561668658,33.9990656322,3.8118596125,0.7590838552,-7.2214610249,6.2631892335,3.8118596125,-7.0376602183,9.0755126941,3.1019026698,15.6131252629,-80.1669565289,5.2838753858,,,,,,19.1133450468,,,,,0
300146.SZ,300146,汤臣倍健,10157500,通用,2016-12-31 00:00:00,年报,2016年报,058001001,2017-07-31 00:00:00,2018-02-28 00:00:00,CNY,0.0,185437916.41,54391827.12,,116674819.78,,,,,,,,,0,0.0,,796311399.0,,,,1994435397.58,119898035.99,,,,,,0,0.0,0,0.0,9429745.1,,1907214.25,8556696.23,,,35398947.29,31458192.61,,,,0,,,,,,601582967.32,,,,,,,,,31458192.61,,,190208791.99,,47993802.11,,,339293418.4,112501405.66,,,0,,,0.0,,,220140597.87,,,15152710.42,,,23677830.37,2015629096.83,,0,0.0,,0,0.0,190490012.41,77125250.27,5052096.0,22733423.15,,19893783.15,,677693015.48,,,,,5745119.71,,,202257556.18,13804580.69,0,0.0,,,,389706.18,,,,26513515.3,,,,,,,,1470321880,,,,,,59672206.0,,282528206.37,37190426.46,5328358061.19,3229510871.69,606285020.83,4703696892.85,5328358061.19,624661168.34,2098847189.5,18376147.51,202257556.18,61798382.8,4680019062.48,,,,,90805000.0,1003644795.38,,,,135.7227774318,4.9394084293,,141.5165037098,,,,,,,,,,,,41.3886066275,,,,-24.4335082293,-40.0837323028,,,,,,,,,,,-9.473564371,29.3405968332,38.0394975561,,,19.8441631853,,,,,,,,,,,,21.1002151326,,,,,,,,,,,33.7131652602,,56.063609568,,,9.6837654096,50.4373729975,,,,,,,,,-3.6450161646,,,-46.1221672268,,,390.2877369016,39.6214726716,,,,,,,142.1448410746,15.5535685207,,52.445393518,,187.2854364593,,-45.4966507641,,,,,2.9163018558,,,111.7521829076,71.8520119089,,,,,,173.0182009248,,,,-20.1499951667,,,,,,,,101.9642561965,,,,,,-21.9393176801,,30.561668658,3.7203064205,8.6220805937,3.0111830885,81.0924886592,3.2903583739,8.6220805937,77.6871807869,18.5586666369,9.6557383759,111.7521829076,59.3335274374,2.5866586228,,,,,,3.3222568058,,,标准无保留意见,,0
300146.SZ,300146,汤臣倍健,10157500,通用,2016-09-30 00:00:00,三季报,2016三季报,058001001,2016-10-28 00:00:00,2016-10-28 00:00:00,CNY,,84064528.08,190049620.69,,22792812.45,,,,,,,,,0,,,805049614.81,,,,1911300943.94,181792477.58,,,,,,0,,0,,9739821.77,,1143183.33,7753243.22,,,34772538.5,,,,,0,,,,,,570892814.66,,,,,,,,,,,,141460415.7,282750.0,44473298.77,,,222318791.45,70436562.34,,,0,,,,,,222590176.77,,,17519041.45,,,-16469366.06,1917304567.88,,0,,,0,,89116624.08,207695969.98,5052096.0,17646349.29,,9747979.01,,812081211.91,,,,,22402865.61,,,122692055.45,17553080.52,0,,,,,43151.45,,,,28204041.66,,,,,,,,1456021880,,,260000000.0,,,36311033.14,,216394451.2,89650095.96,5317690652.92,3249630962.17,620845371.08,4679309065.4,5317690652.92,638381587.52,2068059690.75,17536216.44,122974805.45,62026379.29,4695778431.46,,,,,,1102313177.31,,,,2.8097949838,28.0936877689,,53.2980031875,,,,,,,,,,,,86.9722909951,,,,-27.7087528698,8.9687598313,,,,,,,,,,,10.1499819421,-36.7539953184,40.4511749832,,,20.3779502241,,,,,,,,,,,,17.2963942551,,,,,,,,,,,-0.2623868912,,56.8273598436,,,-25.4544551258,33.9736644766,,,,,,,,,196.78690236,,,-7.8092694922,,,-1665.2921716041,30.685428208,,,,,,,8.9884409104,32.3868671312,,107.1664029996,,165.6952070706,,-36.2223226015,,,,,119.5429467093,,,66.2781748382,12.0053785919,,,,,,,,,,-59.0236608178,,,,,,,,100.0,,,,,,0.6215793393,,34.166761376,22.7829267768,10.5132762933,-1.7761198553,122.1077442679,3.5720924303,10.5132762933,117.2200968438,37.5570494101,22.096663734,66.661371238,40.8737435858,3.9608372872,,,,,,12.4791986451,,,,,0
300146.SZ,300146,汤臣倍健,10157500,通用,2016-06-30 00:00:00,中报,2016中报,058001001,2016-07-30 00:00:00,2016-07-30 00:00:00,CNY,,141284680.67,112415035.33,,31179625.09,,,,,,,,,0,,,784583614.81,,,,1911300943.94,213443019.04,,,,,,0,,0,,10023155.1,,1121408.1,6097369.36,,,32806576.59,,,,,0,,,,,,513727844.09,,,,,,,,,,,,137748776.44,282750.0,32269807.1,,,260761843.88,70816082.65,,,0,,,,,,222590176.78,,,23590236.86,,,-15664539.87,1633678587.93,,0,,,0,,146336776.67,131849027.78,5052096.0,19433992.45,,9181922.89,,992441302.9,,,,,21013069.04,,,93395333.01,10287429.01,0,,,,,43151.45,,,,30630480.73,,,,,,,,1456021880,,,260000000.0,,,38259894.41,,216394451.2,57160027.31,5113359283.73,3091918479.33,626614406.49,4470581201.33,5113359283.73,642778082.4,2021440804.4,16163675.91,93678083.01,42557236.11,4486245741.2,,,,,,893346543.17,,,,-4.9241748729,34.9153704081,,139.0547141131,,,,,,,,,,,,225.7147162103,,,,-27.4322928979,8.7452188843,,,,,,,,,,,6.9707043013,-28.8581725275,7.5056402396,,,31.5656363444,,,,,,,,,,,,27.634331338,,,,,,,,,,,58.3806413507,,19.73436567,,,6.7118550719,54.470794333,,,,,,,,,242.4464258154,,,10.6235138292,,,-402.2419925742,0.3451393787,,,,,,,-1.5244276849,26.1952569292,,-8.1462857566,,3148.3792641937,,-27.8193612624,,,,,37.9048021937,,,39.1318723253,-72.1212038262,,,,,,,,,,-56.4598871593,,,,,,,,100.0,,,,,,20.3869951328,,34.166761376,-12.1967702624,9.3394059417,-11.3057921318,92.4177686739,3.1062237433,9.3394059417,88.6668517193,69.7905050666,7.4592886969,39.5530875577,-33.3498935515,3.5913239162,,,,,,10.5762615566,,,,,0
300146.SZ,300146,汤臣倍健,10157500,通用,2016-03-31 00:00:00,一季报,2016一季报,058001001,2016-04-25 00:00:00,2016-04-25 00:00:00,CNY,,75437343.91,153145027.45,,12592769.99,,,,,,,,,0,,,742883614.81,,,,2639311883.94,223080754.65,,,,,,0,,0,,10266565.1,,1655290.74,7035999.85,,,29990900.25,,,436806564.0,,0,,,,,,486792079.14,,,,,,,,,,,,139888359.96,,35990300.51,,,243092548.17,61087300.27,,,0,,,,,,228468304.5,,,22405593.09,,,-12756977.84,1605119624.58,,0,,,0,,80489439.91,164657112.71,5052096.0,11512085.26,,6346942.28,,1054862268.09,,,,,15335508.98,,,80661566.88,205245235.88,0,,,,,142740.0,,,,55996949.85,,,,,,,,728010940,,,260000000.0,,,28220983.59,,216394451.2,63617089.14,5316551746.18,3364964039.79,962388413.51,4336718027.72,5316551746.18,979833718.46,1951587706.39,17445304.95,517468130.88,241235536.39,4349475005.56,,,,,,759410788.14,,,,-6.1247220461,5.0684325415,,-49.7718522308,,,,,,,,,,,,3457.7667575037,,,,0.2086104505,23.6765985586,,,,,,,,,,,101.5423026788,-11.4899210636,11.685978648,,,30.0710892412,,,20.0,,,,,,,,,16.8125694845,,,,,,,,,,,73.7267021734,,17.0331040492,,,26.6833966546,222.713775077,,,,,,,,,107.6984586364,,,-37.1231998878,,,,-44.2398030581,,,,,,,0.1621763476,6.5218298279,,30.5443844218,,44268.7116773616,,71072.1901522841,,,,,-32.0512542298,,,65.2174978042,550.5161744591,,,,,,,,,,33.3910190951,,,,,,,,0.0,,,,,,29.6141625078,,34.166761376,4.9073409761,12.367201382,1.024407491,60.218768119,5.2769186623,12.367201382,60.086476568,39.3427633806,53.1121820103,25.3474796117,287.1949769048,5.5866033846,,,,,,27.3662221414,,,,,0
300146.SZ,300146,汤臣倍健,10157500,通用,2015-12-31 00:00:00,年报,2015年报,058001001,2016-02-27 00:00:00,2017-02-28 00:00:00,CNY,,78667797.16,51831650.22,,48309253.4,,,,,,,,,0,,,563207614.81,,,,2639311883.94,200109320.22,,,,,,0,,0,,10416565.1,,1474567.38,6198730.35,,,29537481.3,,,,,0,,,,,,496764573.59,,,,,,,,,,,,142251356.94,,30752718.23,,,309337865.21,74782883.68,,,0,,,,,,228468304.5,,,28124201.81,,,-8156676.07,1443638330.31,,0,,,0,,78667797.16,66744152.74,,14912502.52,,6924744.74,,1243397011.34,,,,,5582322.34,,,95516161.11,8032830.42,0,,,,,142740.0,,,,33204149.9,,,,,,,,728010940,,,,,,76443356.92,,216394451.2,35856456.41,4905409684.72,3135107058.15,334793025.0,4553858624.27,4905409684.72,351551060.45,1770302626.57,16758035.45,95516161.11,38785548.65,4562015300.34,,,,,,971373280.46,,,,17.3663326872,19.2365045534,,-16.3276606904,,,,,,,,,,,,2597.2749022826,,,,202.0860018277,32.9045541296,,,,,,,,,,,155.6839677054,43.9317290528,2.4749416377,,,29.214963669,,,,,,,,,,,,15.8639123295,,,,,,,,,,,75.1116080637,,6.4003695558,,,34.9086634999,841.6999291899,,,,,,,,,1042.3415225,,,-23.6875300334,,,,-6.0768983139,,,,,,,17.3663326872,2.6955488723,,-30.7124816949,,2508.0075862859,,24513.1040726513,,,,,-70.3812501961,,,79.7463636792,-13.523477507,,,,,,,,,,-11.7974188561,,,,,,,,10.6381210015,,,,,,109.6287149186,,34.166761376,23.7023902596,81.6028519498,63.9513099374,37.5737296456,86.0467404704,81.6028519498,38.6907552663,124.3854694351,65.5438224767,79.7463636792,1.5544883392,86.3799794049,,,,,,28.6605140494,,,标准无保留意见,,0
300146.SZ,300146,汤臣倍健,10157500,通用,2015-09-30 00:00:00,三季报,2015三季报,058001001,2015-10-22 00:00:00,2015-10-22 00:00:00,CNY,,81767041.84,148367670.57,,14868303.55,,,,,,,,,0,,,430571616,,,,2643889848.1,166829904.15,,,,,,0,,0,,8842327.16,,1807518.65,5520240.91,,,28886136.07,,,,,0,,,,,,486709602.87,,,,,,,,90000000.0,,,,141832565.76,,28358125.02,,,298232163.74,52574931.51,,,0,,,,,,75000000.0,,,19003040.06,,,1052159.23,1467114271.4,,0,,,0,,81767041.84,156885629.58,,8517959.01,,3668857.68,,1273300071.49,,,,,10204320.36,,,73787227.68,15671640.72,0,,,,,,,,,68830066.87,,,,,,,,728010940,,,,,,36086725.51,,161287675.86,73015115.63,4811811604.25,3308391968.82,279524414.21,4517924621.97,4811811604.25,293886982.28,1503419635.43,14362568.07,73787227.68,44029765.74,4516872462.74,,,,,,980015141.1,,,,16.0305939889,5.3987858816,,313.1799796811,,,,,,,,,,,,1962.0637628698,,,,202.1888414088,66.173614471,,,,,,,,,,,,-54.1487115275,66.4690423599,,,10.1545794533,,,,,,,,,,,,15.3463084823,,,,,,,,,,,91.0331944987,,26.8165382034,,,62.6288491551,,,,,,,,,,,,,255.8609912034,,,,-3.0449073967,,,,,,,16.0305939889,4.9520388828,,-2.2637750862,,,,665228.800840134,,,,,-47.5721468665,,,26.5221931462,171.8613214848,,,,,,,,,,-40.1401314127,,,,,,,,10.6381210015,,,,,,45.7726414471,,51.070111856,2.0153209089,80.7727003786,66.3045424271,22.2143509233,86.2853107438,80.7727003786,24.2490326901,123.5752445389,83.8037771646,26.5221931462,56.5441164989,86.2419275922,,,,,,24.7489046316,,,,,0
300146.SZ,300146,汤臣倍健,10157500,通用,2015-06-30 00:00:00,中报,2015中报,058001001,2015-07-24 00:00:00,2015-07-24 00:00:00,CNY,,148602108.35,83322630.32,,13042882.34,,,,,,,,,0,,,240880616,,,,2633817465.46,196278072.02,,,,,,0,,0,0.0,9370000.1,,1576299.26,5671673.92,,,24935520.78,,,,,0,0.0,,,,,402499733.97,,,,,,,,90000000.0,,,,86973240.71,,26951165.54,,,244360707.35,45844318.31,,,0,,,,,,65000000.0,,,21324794.38,,0.0,5182780.77,1628059513.44,,0,0.0,,0,0.0,148602108.35,104480176.98,,21157546.66,,-301206.71,,1374941148.01,,,0.0,0.0,15237372.96,,,67127202.02,36900549.6,0,0.0,0.0,0.0,,,0.0,0.0,,70350026.06,,,,,,,,728010940,,,,,,31780753.7,,161287675.86,65100142.08,4676593255.37,3486043286.98,325653088.49,4335898492.86,4676593255.37,340694762.51,1190549968.39,15041674.02,67127202.02,63851715.14,4330715712.09,,,,,,807900837.48,,,,98.0692769918,-6.8089915437,,277.9609686796,,,,,,,,,,,,,,,,201.0375976675,122.1569178674,,,,,,,,,,,,-55.5101215862,87.2221807396,,,0.1369009303,,,,,,,,,,,,-2.0089181308,,,,,,,,,,,16.3410735503,,29.7404465232,,,54.5826224433,,,,,,,,,,7281.1967986046,,,280.0233951251,,,,5.7405585504,,,,,,,98.0692769918,1.2559864319,,53.609331796,,,,402198.903970916,,,,,-18.8129631733,,,53.3635119185,364.942753661,,,,,,,,,,27.3321460756,,,,,,,,10.6381210015,,,,,,32.4134147154,,51.070111856,9.8410607336,86.1107920804,84.9128034922,58.4571584479,88.5371311316,86.1107920804,59.9188396708,89.7096125563,99.8261150973,53.3635119185,122.4045216363,88.3117691636,,,,,,22.3960762872,,,,,0
300146.SZ,300146,汤臣倍健,10157500,通用,2015-03-31 00:00:00,一季报,2015一季报,058001001,2015-04-24 00:00:00,2015-04-24 00:00:00,CNY,,80359116.43,145757411.38,,25071141.48,,,,,,,,,0,,,20880616,,,,2633817465.46,180374264.21,,,,,,0,,0,0.0,5094000.1,,1870172.03,6299805.88,,,23057314.6,,,364005470.0,,0,0.0,,,,,416729193.86,,,,,,,,490000000.0,,,,80522083.37,,30752239.55,,,191889825.02,18929250.93,,,0,,,,,,110000000.0,,,35634117.91,,0.0,,2878611828.17,,0,0.0,,0,0.0,80359116.43,154575933.38,,8818522.0,,-14369.77,,1482127.03,,,0.0,0.0,22569230.39,,,48821443.22,31551134.92,0,0.0,0.0,0.0,,,0.0,0.0,,41979550.22,,,,,,,,728010940,,,,,,21773070.97,,161287675.86,60641217.81,4731408881.59,3330842638.29,600671459.91,4119343615.7,4731408881.59,612065265.89,1400566243.3,11393805.98,412826913.22,62303374.47,4119343615.7,,,,,,596241904.15,,,,23.8019484968,31.3206959736,,718.3348095275,,,,,,,,,,,,,,,,125.331812165,92.7648143023,,,,,,,,,,,,-53.3429214041,161.595537119,,,4.0854750736,,,10.9502164106,,,,,,,,,9.3763564688,,,,,,,,,,,9.0612903354,,70.7522127412,,,15.1174860228,,,,,,,,,,12391.2561207155,,,504.8865578685,,,,76.6841789668,,,,,,,23.8019484968,26.3132575604,,-22.5193931055,,,,4359.0912837953,,,,,-37.1546707452,,,113.5930848941,217.5147347728,,,,,,,,,,42.0322986951,,,,,,,,121.9004328213,,,,,,21.3162355444,,51.070111856,1.6033336505,82.4617107709,68.5782829851,20.9709371985,97.2651251171,82.4617107709,21.232287523,126.9028891653,36.815033758,17.6355452331,122.9358914238,97.2651251171,,,,,,23.0578197293,,,,,0
300146.SZ,300146,汤臣倍健,10157500,通用,2014-12-31 00:00:00,年报,2014年报,058001001,2015-02-28 00:00:00,2016-02-27 00:00:00,CNY,,67027566.9,43469615.63,,57736228.96,,,,,,,,,0,,,20880616,,,,873695526.43,150566187.54,,,,,,0,,0,0.0,4074000.1,,1024490.84,6049020.62,,,22859180.13,,,,,0,0.0,,,,,428748316.54,,,,,,,,,,,,81234681.42,,28902830.28,,,229294292.29,7941264.66,,,0,,,,,,20000000.0,,,36854005.41,,0.0,,1537042862.08,,0,0.0,,0,0.0,67027566.9,64992254.75,,21522639.12,,-287571.55,,5051768.39,,,0.0,0.0,18847258.5,,,53139412.2,9289030.35,0,0.0,0.0,0.0,,0.0,0.0,0.0,,37645326.78,,,,,,,,658010940,,,,,,36466071.43,,161287675.86,28986065.94,2701174365.96,1912218364.92,243355345.43,2447695999.81,2701174365.96,253478366.15,788956001.04,10123020.72,53139412.2,38191860.63,2447695999.81,,,,,,754989429.07,,,,-0.2283099529,8.7925928112,,16.4336418517,,,,,,,,,,,,2271.1374764937,,,,-24.8715913459,64.265280211,,,,,,,,,,,-15.4713291391,4.7389979491,167.4986585092,,,9.9566209421,,,,,,,,,,,,11.176409796,,,,,,,,,,,9.3496319503,,73.6764280731,,,-1.8777422005,,,,,,,,,,,,,593.5327812305,,,,0.4484373892,,,,,,,-0.2283099529,37.964394761,,200.9494299215,,,,7656.5421033568,,,,,10.4497691191,,,95.9900838734,9.3589358801,,,,,,-100.0,,,,67.0633734466,,,,,,,,100.5641733723,,,,,,20.3269675512,,51.070111856,-27.5913683521,10.0127721239,2.8790269391,13.6014333837,9.6255665995,10.0127721239,13.8974987263,32.2371077687,21.5103584446,95.9900838734,51.9418242565,9.6255665995,,,,,,18.8962202924,,,标准无保留意见,,0
300146.SZ,300146,汤臣倍健,10157500,通用,2014-09-30 00:00:00,三季报,2014三季报,058001001,2014-10-24 00:00:00,2014-10-24 00:00:00,CNY,,70470243.26,140767912.39,,3598505.32,,,,,,,,,0,,,20880616,,,,874913129.08,100394942.17,,,,-6166.14,,0,,0,0.0,,,3942132.73,3316076.57,,,26223272.98,,,,,0,0.0,,,,,421955075.35,,,,,,,,,,,,74244984.56,,22361535.35,,,183382078.45,,,,0,,,,,,,,,5340017.74,,,,1513189490.11,,0,0.0,,0,0.0,70470243.26,149483165.12,,8715252.73,,,,191379.07,,,,,19463548.0,,4498000.1,58319592.67,5764571.67,0,0.0,,,,,,,,114985329.06,,,,,,,,658010940,,,,,,24755485.77,,106763458.29,71572696.12,2661802138.36,1989357548.83,228716523.14,2425271538.55,2661802138.36,236530599.81,672444589.53,7814076.67,58319592.67,28126107.02,2425271538.55,,,,,,785590177.32,,,,10.8881020029,30.5198183137,,30.9763583164,,,,,,,,,,,,,,,,-23.7701144831,114.1127966471,,,,,,,,,,,,156.9191233513,113.1107698947,,,103.5826321152,,,,,,,,,,,,14.2917788991,,,,,,,,,,,9.6208574573,,89.1343259759,,,-10.8399161948,,,,,,,,,,,,,-9.5815786482,,,,11.962748001,,,,,,,10.8881020029,23.8427843905,,-32.1887529022,,,,116.8282198462,,,,,-57.9489435019,,22.5613106267,145.9348286918,-39.7277141827,,,,,,,,,,111.1943513653,,,,,,,,100.5641733723,,,,,,105.7827444976,,69.9703137199,48.1405219373,15.4663551965,13.4303792455,52.1170419961,12.8305926683,15.4663551965,51.8346941624,21.9415259852,44.0108246644,145.9348286918,31.5083690369,12.8305926683,,,,,,28.6044629966,,,,,0
300146.SZ,300146,汤臣倍健,10157500,通用,2014-06-30 00:00:00,中报,2014中报,058001001,2014-07-29 00:00:00,2014-07-29 00:00:00,CNY,,75025319.73,89410589.82,,3450854.3,,,,,,,,,0,,,,,,,874913129.08,88351096.11,,,,,,0,,0,0.0,,,3543051.4,3029381.4,,,24901430.49,,,,,0,0.0,,,,,410751393.18,,,,,,,,,,,,74757124.08,,20773140.73,,,158077734.41,,,,0,,,,,,880616,,,5611442.52,,,,1539673646.29,,0,0.0,,0,0.0,75025319.73,103184197.46,,13773607.64,,,,341771.04,,,,,18768233.89,,4498000.1,43769995.34,7936579.14,0,0.0,,,,,,,,55249226.71,,,,,,,,658010940,,,,,,24001158.62,,106763458.29,59267583.22,2512800683.45,1885236295.78,205514911.21,2299758390.74,2512800683.45,213042292.71,627564387.67,7527381.5,43769995.34,28709719.87,2299758390.74,,,,,,660070863.37,,,,47.8201882668,43.6157999876,,8.1226075159,,,,,,,,,,,,,,,,-23.7701144831,363.4797820643,,,,,,,,,,,,196.5135020482,13.2281405778,,,129.3867414318,,,,,,,,,,,,4.6483826666,,,,,,,,,,,134.192120683,,8.9801047661,,,-29.0994072433,,,,,,,,,,0.0,,,-10.7906253114,,,,20.9804939175,,,,,,,47.8201882668,25.3757483172,,-31.2803050127,,,,3355.118973122,,,,,-72.4875213363,,27.78409375,41.7577804912,-19.1208670108,,,,,,,,,,96.3423793039,,,,,,,,100.5641733723,,,,,,110.129158311,,69.9703137199,72.2719884288,16.0178702649,15.3089950825,57.3039781716,13.3539173329,16.0178702649,55.4557050891,18.2007730931,17.6987019281,41.7577804912,-0.5699709386,13.3539173329,,,,,,34.6513813436,,,,,0
300146.SZ,300146,汤臣倍健,10157500,通用,2014-03-31 00:00:00,一季报,2014一季报,058001001,2014-04-23 00:00:00,2014-04-23 00:00:00,CNY,,64909411.69,110993480.73,,3063677.75,,,,,,,,,0,,,,,,,1168861795.48,93572193.07,,,,,,0,,0,,,,4008335.04,2408223.76,,,22152288.38,,,328080000.0,,0,,,,,,381004823.45,,,,,,,,,,,,73831955.52,,18009862.98,,,166690423.54,,,,0,,,,,,880616,,,5891041.46,,,,1629241421.05,,0,,,0,,64909411.69,122375066.85,,11381586.12,,,,33238.32,,,,,35912343.3,,4669666.58,22857220.89,9936904.17,0,,,,,1250000.0,,,,29556340.78,,,,,,,,328080000,,,,,,17947367.78,,106763458.29,59684279.67,2593096853.91,1975843257.69,496541957.78,2088227005.79,2593096853.91,504869848.12,617253596.22,8327890.34,350937220.89,27946767.15,2088227005.79,,,,,,484521752.02,,,,33.4132055693,35.3471256542,,-46.6984425498,,,,,,,,,,,,,,,,-7.0184345336,2079.6862297691,,,,,,,,,,,,209.4417540608,34.3615087991,,,120.7255205823,,,150.0,,,,,,,,,-2.7103326797,,,,,,,,,,,211.354370462,,45.9770089033,,,-19.8531325449,,,,,,,,,,0.0,,,5.2456264582,,,,33.1694404377,,,,,,,33.4132055693,27.2307985716,,-19.7179239801,,,,17.0036676379,,,,,-43.9908552801,,32.6609823864,-32.966031432,-15.8032996103,,,,,,525.0,,,,-77.0651113603,,,,,,,,50.0,,,,,,56.9632467616,,69.9703137199,87.893914583,18.8298166106,17.5650584446,88.8496999276,9.1169238882,18.8298166106,88.074054152,23.0678331024,51.0770483191,112.2647369761,15.7720499974,9.1169238882,,,,,,29.1614056728,,,,,0
300146.SZ,300146,汤臣倍健,10157500,通用,2013-12-31 00:00:00,年报,2013年报,058001001,2014-02-28 00:00:00,2015-02-28 00:00:00,CNY,,67180947.69,39956411.1,,49587239.6,,,,,,,,,0,,,880616.0,,,,1162936287.46,91660384.56,,,,,,0,,0,0.0,4819666.58,,978136.95,2261327.46,,,20789271.2,,,,,0,0.0,,,,,385646844.8,,,,,,,,,,,,74288939.04,,16641769.18,,,233682242.37,0.0,,,0,,,,,,0,,,5313952.91,,0.0,,1530180958.54,,0,0.0,,0,0.0,67180947.69,47107991.06,,7151579.96,,0.0,,65129.13,,,0.0,0.0,17064099.5,,4819666.58,27113316.73,8494075.29,0,0.0,0.0,0.0,,1250000.0,0.0,0.0,,22533560.77,,,,,,,,328080000,,,,,,30305817.7,,106763458.29,40031230.09,2455327971.3,1858705726.34,214218551.81,2232778425.45,2455327971.3,222549545.85,596622244.96,8330994.04,27113316.73,25135844.47,2232778425.45,,,,,,634998679.7,,,,38.5974101415,8.1418048637,,77.9381178978,,,,,,,,,,,,,,,,-7.4898016482,1036.195861971,,,,,,,,,,,,-3.0919514154,-46.7626204182,,,122.1221233214,,,,,,,,,,,,-1.1084818319,,,,,,,,,,,206.4044558989,,-46.2118445529,,,11.5267762783,,,,,,,,,,-100.0,,,-11.7546858897,,,,22.7917604912,,,,,,,36.9446496433,8.5320212899,,10.7650754434,,,,-95.371145489,,,,,-64.5160820931,,31.3260648501,-49.995786706,-21.4913618452,,,,,,525.0,,,,-69.8860016743,,,,,,,,50.0,,,,,,43.7078132539,,69.9703137199,131.929597675,16.6575901958,14.9415690214,26.386104448,15.8610358454,16.6575901958,25.3002807933,22.3481380605,2.6283899693,-49.995786706,-39.8070078601,15.8610358454,,,,,,63.451017335,,,标准无保留意见,,0
300146.SZ,300146,汤臣倍健,10157500,通用,2013-09-30 00:00:00,三季报,2013三季报,058001001,2013-10-25 00:00:00,2013-10-25 00:00:00,CNY,,63550770.54,107851753.25,,2747446.46,,,,,,,,,0,,,,,,,1147729821.64,46888809.89,,,,,,0,,0,,,,1534386.65,1556034.25,,,12880898.88,,,,,0,,,,,,369191099.67,2289.55,,,,,,,,,,,67728885.07,,11823097.28,,,205677328.49,,,,0,,,,,,1030616,,,5905895.79,,,,1351511567.13,,0,,,0,,63550770.54,120703976.3,,12852223.05,,,,88262.99,,,,,46285514.85,,3670000.0,23713433.75,9564216.11,0,,,,,200000.0,,,,54445267.27,,,,,,,,328080000,,,,,,12029913.31,,62813003.02,48314056.94,2305262111.92,1753813715.57,150355621.0,2149480456.67,2305262111.92,155781655.25,551448396.35,5426034.25,23713433.75,21387313.39,2149480456.67,,,,,,610857632.01,,,,-15.652911503,118.317159008,,-77.2629490707,,,,,,,,,,,,,,,,-8.699457916,-34.9618514869,,,,,,,,,,,,87.4537737159,-55.4651496049,,,32.5188404876,,,,,,,,,,,,13.3650534156,,,,,,,,,,,300.0665017399,,-48.2033784066,,,36.0237535993,,,,,,,,,,,,,-39.5729438179,,,,8.2560581358,,,,,,,-15.652911503,117.4026134298,,110.0197214116,,,,,,,,,,,376.6233766234,151.7421099507,-29.7235479871,,,,,,,,,,-47.9939017749,,,,,,,,50.0,,,,,,-10.7423116539,,78.9622219577,72.7920204208,13.4873285611,9.8679003943,8.7278545126,13.8047207231,13.4873285611,9.2819831337,26.7692750932,27.253109852,151.7421099507,-41.3007615367,13.8047207231,,,,,,61.6725829687,,,,,0
300146.SZ,300146,汤臣倍健,10157500,通用,2013-06-30 00:00:00,中报,2013中报,058001001,2013-07-30 00:00:00,2013-07-30 00:00:00,CNY,,50754447.42,62256791.96,,3191612.17,,,,,,,,,0,,,,,,,1147729821.64,19062556.67,,,,,,0,,0,,,,1194903.9,2675466.88,,,10855653.79,,,,,0,,,,,,392506202.88,2289.55,,,,,,,,,,,31921280.64,,19061406.46,,,222956858.7,,,,0,,,,,,880616,,,6290193.76,,,,1272662721.43,,0,,,0,,50754447.42,82299965.38,,20043173.42,,,,9891.73,,,,,68217168.36,,3520000.0,30876608.81,9812888.5,0,,,,,200000.0,,,,28139226.44,,,,,,,,328080000,,,,,,11422098.11,,62813003.02,34403494.01,2165873824.19,1634942958.64,130648260.52,2028830096.79,2165873824.19,137043727.4,530930865.55,6395466.88,30876608.81,28874294.96,2028830096.79,,,,,,490207272.13,,,,-15.5773365586,147.1333396843,,-53.1233846385,,,,,,,,,,,,,,,,-8.699457916,-89.2039965013,,,,,,,,,,,,64.9111190762,-27.2714910668,,,37.8661859061,,,,,,,,,,,,96.7359599991,,,,,,,,,,,98.0587725582,,-20.4296625614,,,66.8809727559,,,,,,,,,,,,,19.3518300822,,,,3.4728929935,,,,,,,-15.5773365586,109.8786478368,,42.9455914048,,,,,,,,,,,648.9361702128,146.6096477257,-28.6911181591,,,,,,,,,,-71.1749170126,,,,,,,,50.0,,,,,,-3.9398937853,,78.9622219577,55.5070167051,11.4037407975,6.2962349167,15.1467012147,11.0741307247,11.4037407975,16.52273624,30.7500167529,54.1557608624,146.6096477257,-23.4439050974,11.0741307247,,,,,,55.3025102339,,,,,0
300146.SZ,300146,汤臣倍健,10157500,通用,2013-03-31 00:00:00,一季报,2013一季报,058001001,2013-04-15 00:00:00,2013-04-15 00:00:00,CNY,,48652913.64,82006529.65,,5747820.32,,,,,,,,,0.0,,,,,,,1257089821.64,4292920.32,,,,,,0.0,,0.0,,,,1295343.95,1792346.47,,,10036124.65,,,131232000.0,,,,,,,,391619001.22,2289.55,,,,,,,,,,,23713158.55,,12337465.41,,,207981208.54,,,,0.0,0.0,,,,,880616.0,,,5597421.63,,,,1223434907.96,,0.0,,,0.0,,48652913.64,96183524.92,,14176995.27,,,,28407.93,,,,,64118713.97,,3520000,34097967.61,11802011.39,0.0,,,,,200000.0,,,,128870653.11,,,,,,,,218720000,,,,,,11434121.14,,62813003.02,31764881.69,2182193769.1,1680638179.26,262929704.4,1913751718.23,2182193769.1,268442050.87,501555589.84,5512346.47,165329967.61,24139476.8,1913751718.23,,,,,,375128893.57,,,,-10.5120939038,90.791765446,,-43.4194118458,,,,,,,,,,,,,,,,0.0,-96.830766539,,,,,,,,,,,,152.443953809,-37.8568584775,,,34.4719206079,,,,,,,,,,,,141.5653742077,,,,,,,,,,,47.320622524,,-33.5107265655,,,68.7158279461,,,,,,,,,,,,,-19.5345541755,,,,1.1801421216,,,,,,,-10.5120939038,108.5163017402,,350.7266956997,,,,154.4539857958,,,,,,,780.0,422.0391017641,43.9907573054,,,,,,,,,,-1.2487075501,,,,,,,,0,,,,,,44.7820678351,,78.9622219577,11.5237994727,17.0433921254,9.4287283165,144.7256631893,9.12597878,17.0433921254,142.4452029343,52.632975329,67.843270972,2431.1980107722,-9.7655091401,9.12597878,,,,,,54.5009705875,,,,,0
300146.SZ,300146,汤臣倍健,10157500,通用,2012-12-31 00:00:00,年报,2012年报,058001001,2013-02-28 00:00:00,2014-02-28 00:00:00,CNY,,48472007.97,36948163.71,,27867688.04,,,,,,,,,0.0,,,,,,,1257089821.64,8067304.91,,,,,,0.0,,0.0,,,,1009345.42,4247631.04,,,9359387.93,,,,,0.0,,,,,,389969586.82,,,,,,,,,,,,24245384.69,,30939468.07,,,209530168.6,,,,0.0,0.0,,,,,880616.0,,,6021796.13,,,,1246159312.66,,0.0,,,0.0,,49057007.97,43404693.38,585000.0,6456529.67,,,,1407024.78,,,,,48089671.34,,3670000,54222064.39,10819287.52,0.0,,,,,200000.0,,,,74827528.8,,,,,,,,218720000,,,,,,21088496.87,,62813003.02,17260078.27,2104730577.05,1617087483.81,169495335.54,1927117610.47,2104730577.05,177612966.58,487643093.24,8117631.04,54222064.39,41758755.59,1927117610.47,,,,,,388494785.81,,,,49.3643984603,65.5551818891,,-57.9156442546,,,,,,,,,,,,,,,,-8.0032210673,-95.5962109568,,,,,,,,,,,,-9.0849026741,19.4249124626,,,28.2924965502,,,,,,,,,,,,429.2705668787,,,,,,,,,,,487.2806332115,,30.2837749457,,,83.4865210505,,,,,,,,,,,,,-15.7702521861,,,,-7.7644665426,,,,,,,51.167050687,51.8197618592,,2.9439715202,,,,123.9694791803,,,,,,,567.2727272727,354.034367353,119.4844427368,,,,,,,,,,-20.7892788287,,,,,,,,100,,,,,,31.0379482406,,78.9622219577,138.5767426162,11.1161778822,-0.0327504474,26.5446467943,9.7370351068,11.1161778822,28.6604158456,76.3284205413,97.6661617087,354.034367353,45.6167650729,9.7370351068,,,,,,58.4302834345,,,标准无保留意见,,0
300146.SZ,300146,汤臣倍健,10157500,通用,2012-09-30 00:00:00,三季报,2012三季报,058001001,2012-10-25 00:00:00,2012-10-25 00:00:00,CNY,,75344355.89,49401409.28,,12083565.58,,,,,,,,,,,,,,,,1257089821.64,72094318.43,,,,,,,0.0,,0.0,,,818541.35,3493969.86,,,9720051.0,,,,,,,,,,,325665704.33,,,,,,,,,,,,16929406.68,,22826000.84,,,151206920.15,,,,,,,,,,,,,9773595.08,,,,1248439662.78,,,,,,,75344355.89,55520940.8,,6119531.52,,,,,,,,,,,770000,9419732.66,13609418.0,,,,,,,,,,104690159.67,,,,,,,,218720000,,,,,,13477733.44,,35098470.69,27960814.87,2031294719.11,1596293102.24,138286202.44,1888744546.81,2031294719.11,142550172.3,435001616.87,4263969.86,9419732.66,36435418.84,1888744546.81,,,,,,377836254.48,,,,130.2063478388,16.0965992626,,-19.7833205866,,,,,,,,,,,,,,,,-8.0032210673,-42.011141324,,,,,,,,,,,,2.1952095079,,,,46.3863763794,,,,,,,,,,,,368.9015039751,,,,,,,,,,,421.3922296093,,53.6897637624,,,78.6627812336,,,,,,,,,,,,,44.7209314797,,,,-6.2795458105,,,,,,,130.2063478388,21.0639819165,,84.9450103094,,,,,,,,,,,413.3333333333,92.7866946144,81.0232900492,,,,,,,,,,4.1463374276,,,,,,,,100,,,,,,56.5223137615,,102.6275573276,56.9018903351,13.0574138746,0.6823630763,74.8021760901,9.9748634916,13.0574138746,79.8510794363,105.948479857,2742.6465733333,92.7866946144,62.8759211388,9.9748634916,,,,,,68.4501943423,,,,,0
300146.SZ,300146,汤臣倍健,10157500,通用,2012-06-30 00:00:00,中报,2012中报,058001001,2012-07-28 00:00:00,2012-07-28 00:00:00,CNY,,60119457.68,25191579.59,,6808538.0,,,,,,,,,,,,,,,,1257089821.64,176570493.63,,,,,,,0.0,,0.0,,,724574.49,3678704.43,,,7874051.0,,,,,,,,,,,199509130.35,,,,,,,,,,,,16117074.86,,23955417.4,,,133602324.47,,,,,,,,,,,,,5270295.19,,,,1229947945.41,,,,,,,60119457.68,39213119.69,,14021540.1,,,,,,,,,,,470000,12520438.31,13761102.75,,,,,,,,,,97620625.94,,,,,,,,218720000,,,,,,11890574.1,,35098470.69,22123435.16,1944166155.18,1538100535.66,113462443.25,1826555007.5,1944166155.18,117611147.68,406065619.52,4148704.43,12520438.31,37716520.15,1826555007.5,,,,,,315646715.17,,,,172.7016892002,-0.8619636508,,31.3645202547,,,,,,,,,,,,,,,,-8.0032210673,70.6483288877,,,,,,,,,,,,67.7190229234,,,,60.5150105229,,,,,,,,,,,,215.3410601885,,,,,,,,,,,499.7896016176,,114.3064990404,,,74.9475839837,,,,,,,,,,,,,-31.9840815427,,,,-7.1132727468,,,,,,,172.7016892002,47.5691657472,,1106.5737190641,,,,,,,,,,,213.3333333333,162.5339695164,134.8074659276,,,,,,,,,,23.8172228284,,,,,,,,100,,,,,,180.2473455365,,102.6275573276,123.2674630742,13.9959286542,0.9942550292,145.8573698275,10.0884708247,13.9959286542,154.0213929658,122.4878459316,2665.8029533333,162.5339695164,121.3579617053,10.0884708247,,,,,,90.1043888933,,,,,0
300146.SZ,300146,汤臣倍健,10157500,通用,2012-03-31 00:00:00,一季报,2012一季报,058001001,2012-04-16 00:00:00,2012-04-16 00:00:00,CNY,,54368143.99,42982216.48,,10158643.64,,,,,,,,,,,,,,,,1257089821.64,135456108.64,,,,,,,0.0,,0.0,,,513121.4,2884222.5,,,7463360.83,,,,,,,,,,,162117191.88,,,,,,,,,,,,16096292.66,,18555572.61,,,123273086.51,,,,,,,,,,,,,6956304.75,,,,1209165041.98,,,,,,,54368143.99,46127580.49,,3145364.01,,,,11164.27,,,,,,,400000,6531688.43,8196367.33,,,,,,,,,,130500219.2,,,,,,,,218720000,,,,,,7897470.53,,35098470.69,28482603.57,1864431412.55,1535829032.39,107438550.16,1753708639.89,1864431412.55,110722772.66,328602380.16,3284222.5,6531688.43,26751939.94,1753708639.89,,,,,,242800347.56,,,,89.8489848176,18.3984720256,,323.3762147201,,,,,,,,,,,,,,,,-11.542928556,831.2700468537,,,,,,,,,,,,-21.819371855,,,,63.4618758184,,,,,,,,,,,,29.9760399491,,,,,,,,,,,455.5554652043,,348.4452953898,,,63.1710016292,,,,,,,,,,,,,-16.2026168241,,,,-12.0007415046,,,,,,,89.8489848176,23.3454847264,,187.4998569522,,,,,,,,,,,166.6666666667,35.7334998793,77.7246253806,,,,,,,,,,106.1339316,,,,,,,,300,,,,,,131.8612751742,,102.6275573276,184.0231420407,8.7283594745,-1.4904588922,118.0008785968,5.3071405334,8.7283594745,123.9830946859,111.0556774635,2089.4816666667,35.7334998793,205.7507275034,5.3071405334,,,,,,41.002408158,,,,,0
300146.SZ,300146,汤臣倍健,10157500,通用,2011-12-31 00:00:00,年报,2011年报,058001001,2012-02-01 00:00:00,2013-02-28 00:00:00,CNY,,32452183.03,22317733.15,,66218640.03,,,,,,,,,,,,,,,,1366449821.64,183190085.42,,,,,,,0,,0,,,1110206.61,3556737.83,,,7295351.0,,,,,,,,,,,73680573.08,,,,,,,,,,,,4128415.5,,23747752.23,,,114193766.06,,,,,,,,,,,,,7149251.05,,,,1351062075.48,,,,,,,32452183.03,28589620.25,,6271887.1,,,,628221.66,,,,,,,550000,11942281.97,4929409.75,,,,,,,,,,94466415.27,,,,,,,,109360000,,,,,,16093427.25,,35098470.69,7234602.2,1894171143.36,1617617260.7,133941134.48,1756123271.05,1894171143.36,138047872.31,276553882.66,4106737.83,11942281.97,28677161.98,1756123271.05,,,,,,245214978.72,,,,60.7052833468,71.9124532628,,229.8453108985,,,,,,,,,,,,,,,,-3.847642852,2244.3453435125,,,,,,,,,,,,137.3683177058,,,,128.8484848105,,,,,,,,,,,,29.7507730629,,,,,,,,,,,60.1203293319,,1289.0764324118,,,70.1976504248,,,,,,,,,,,,,4.6036651147,,,,-10.1446213567,,,,,,,60.7052833468,110.3634396912,,930.6278634864,,,,,,,,,,,266.6666666667,8.8262343751,105.829120179,,,,,,,,,,7.8486572608,,,,,,,,100.0,,,,,,143.3992607943,,102.6275573276,468.0728726103,8.0132755292,-3.4821760599,3.7270425466,8.1111615167,8.0132755292,6.7833500027,256.067942298,2637.82522,8.8262343751,598.6742170646,8.1111615167,,,,,,86.8494532775,,,标准无保留意见,,0
300146.SZ,300146,汤臣倍健,10157500,通用,2011-09-30 00:00:00,三季报,2011三季报,058001001,2011-10-21 00:00:00,2011-10-21 00:00:00,CNY,0.0,32729052.26,42551986.53,,15063657.17,,,,,,,,,0.0,0.0,,,,,,1366449821.64,124324430.72,,,,,,0.0,0,0.0,0,,,800958.63,,,,6639997.0,,,,,0.0,,,,,,69452902.49,,,,,,,,,,,,3246961.83,,14851998.13,,,84632579.38,,,,0.0,,,0.0,,,,,,6753408.08,,,,1332088788.49,,0.0,0.0,,0.0,0.0,32729052.26,45860824.93,,3308838.4,,,,,,,,,,,150000,4886090.65,7518048.09,0.0,0.0,,,,,,,,100522171.26,,,,,,,,109360000,,,,,,8610742.53,,17321666.98,17820572.34,1796693069.03,1585474410.28,79110114.95,1717432954.08,1796693069.03,79260114.95,211218658.75,150000.0,4886090.65,22370046.22,1717432954.08,,,,,,224301465.46,,,,116.6991150159,110.4355558801,,16.4794802402,,,,,,,,,,,,,,,,14205.6463273743,5625.8024348752,,,,,,,,,,,,325.8992841332,,,,196.7938649462,,,,,,,,,,,,37.9403410832,,,,,,,,,,,11.5546527459,,,,,55.7905832004,,,,,,,,,,,,,2.6896413939,,,,2255.757823854,,,,,,,116.6991150159,120.0881303981,,436.651520861,,,,,,,,,,,0.0,-57.8989279013,72.1308077428,,,,,,,,,,261.2741933137,,,,,,,,166.7317073171,,,,,,201.9617075997,,96.027383988,197.1134450188,686.7849822682,867.3417939774,63.1438015018,855.6275876258,686.7849822682,62.9490776318,227.6805234983,0.0,-57.8989279013,412.1773735679,855.6275876258,,,,,,86.4058375253,,,,,0
300146.SZ,300146,汤臣倍健,10157500,通用,2011-06-30 00:00:00,中报,2011中报,058001001,2011-07-28 00:00:00,2011-07-28 00:00:00,CNY,,22045869.19,25410609.81,,5182935.23,,,,,,,,,,,,,,,,1366449821.64,103470391.29,,,,,,,0,,0,,,432016.88,,,,4905492.0,,,,,,,,,,,63267729.94,,,,,,,,,,,,2687121.42,,11178110.56,,,76367058.88,,,,,,,,,,,,,7748620.19,,,,1324137454.06,,,,,,,22045869.19,26572705.41,,1162095.6,,,,,,,,,,,150000,4769073.63,5860589.95,,,,,,,,,,78842525.87,,,,,,,,109360000,,,,,,4242885.54,,17321666.98,9908938.3,1705469816.45,1522958444.73,46149701.89,1659170114.56,1705469816.45,46299701.89,182511371.72,150000.0,4769073.63,17038700.51,1659170114.56,,,,,,166038625.94,,,,99.0032994295,51.666889505,,-13.0285349291,,,,,,,,,,,,,,,,14205.6463273743,6001.5628863955,,,,,,,,,,,,129.7193301051,,,,248.6686174988,,,,,,,,,,,,31.7699895346,,,,,,,,,,,7.0989864346,,,,,113.7153951386,,,,,,,,,,,,,13.0436479549,,,,1745.5602069325,,,,,,,99.0032994295,56.5973464098,,441.5526369626,,,,,,,,,,,0.0,34.7959506429,209.4665437346,,,,,,,,,,472.7727503803,,,,,,,,166.7317073171,,,,,,68.0107416049,,96.027383988,145.4198565348,749.4391528193,986.9897776724,17.9141255796,927.4289036616,749.4391528193,17.8457308663,200.8358443949,0.0,34.7959506429,799.7230315624,927.4289036616,,,,,,62.6244686554,,,,,0
300146.SZ,300146,汤臣倍健,10157500,通用,2011-03-31 00:00:00,一季报,2011一季报,058001001,2011-04-22 00:00:00,2011-04-22 00:00:00,CNY,0.0,28637574.25,36303016.2,,2399436.55,,,,,,,,,0.0,0.0,,,,,,1421129821.64,14545309.29,,,,,,0.0,0,0.0,0,,,656328.06,,,,4565811.32,,,,,0.0,,,,,,124728520.69,,,,,,,,,,,,2897333.15,,4137756.11,,,75548403.38,,,,0.0,,,0.0,,,,,,8301338.88,,,,1374062762.18,,0.0,0.0,,0.0,0.0,28637574.25,37397056.4,,1094040.2,,,,,,,,,,,150000,4812141.76,4611835.48,0.0,0.0,,,,,,,,63308460.76,,,,,,,,54680000,,,,,,3406118.82,,17321666.98,10028268.6,1714760915.7,1559066274.31,49283539.98,1665327375.72,1714760915.7,49433539.98,155694641.39,150000.0,4812141.76,8749591.59,1665327375.72,,,,,,172195887.1,,,,,,,,,,,,,,,,,,,,,,,,,,,,,,,,,,,,,,,,,,,,,,,,,,,,,,,,,,,,,,,,,,,,,,,,,,,,,,,,,,,,,,,,,,,,,,,,,,,,,,,,,,,,,,,,,,,,,,,,,,,,,,,,,,,,,,,,,,,,,,,,,,,,,,,,,,,,,0
300146.SZ,300146,汤臣倍健,10157500,通用,2010-12-31 00:00:00,年报,2010年报,058001001,2011-04-18 00:00:00,2012-02-01 00:00:00,CNY,,20193600.58,12982034.01,,20075665.12,,,,,,,,,,,,,,,,1421129821.64,7814125.42,,,,,,,0,,0,,,467714.74,,,,3187852.0,,,,,,,,,,,56786230.51,,,,,,,,,,,,2578320.64,,1709607.31,,,67094795.83,,,,,,,,,,,,,6834608.56,,,,1503596218.59,,,,,,,20193600.58,13590584.13,,608550.12,,,,,,,,,,,150000,10973716.07,2394903.96,,,,,,,,,,87591647.1,,7814125.42,,,,,,54680000,,,70000000.0,,,6611945.82,,17321666.98,1273534.18,1753646608.79,1675977756.92,129128461.77,1624368147.02,1753646608.79,129278461.77,77668851.87,150000.0,10973716.07,4104511.27,1624368147.02,,,,,,131236658.4,,,,118.1888486234,71.5351550278,,80.4200650176,,,,,,,,,,,,,,,,14778.1025777194,,,,,,,,,,,,,283.2258868016,,,,206.848782366,,,,,,,,,,,,23.7971121298,,,,,,,,,,,-7.6109178346,,,,,100.5993070754,,,,,,,,,,,,,-4.8897208159,,,,3559.6370848671,,,,,,,118.1888486234,76.074043755,,304.2776694478,,,,,,,,,,,0.0,114.1213647921,123.9175485133,,,,,,,,,,862.1268454088,,,,,,,,33.3658536585,,,483.3333333333,,,112.5466745007,,96.027383988,-23.3260109181,1073.5310014965,1713.3323646779,205.419326191,1418.0404984767,1073.5310014965,204.6931048456,36.2419027852,0.0,114.1213647921,283.7615690542,1418.0404984767,,,,,,175.6140588354,,,标准无保留意见,,0
300146.SZ,300146,汤臣倍健,10157500,通用,2010-09-30 00:00:00,三季报,2010三季报,058001001,2010-12-14 00:00:00,2010-12-14 00:00:00,CNY,,15103454.51,20220911.03,,12932455.69,,,,,,,,,,,,,,,,9551821.64,2171301.44,,,,,,,0,,0,,,188062.92,,,,2237242,,,,,,,,,,,50349957.05,,,,,,,,,,,,2910646.71,,,,,54324579.6,,,,,,,,,,,,,6576523.19,,,,56546083.6,,,,,,,15103454.51,20837482.17,,616571.14,,,,,,,,,,,150000,11605620.49,4367636.56,,,,,,,,,,27824343.15,,24982.91,,,,,,41000000,,,,,,2851600.82,,8836350.63,5997901.69,228358841.3,163900125.08,48491033.2,179717808.1,228358841.3,48641033.2,64458716.22,150000,11605620.49,4367636.56,179717808.1,,,,,,120329635.83,,,,,,,,,,,,,,,,,,,,,,,,,,,,,,,,,,,,,,,,,,,,,,,,,,,,,,,,,,,,,,,,,,,,,,,,,,,,,,,,,,,,,,,,,,,,,,,,,,,,,,,,,,,,,,,,,,,,,,,,,,,,,,,,,,,,,,,,,,,,,,,,,,,,,,,,,,,,,0
300146.SZ,300146,汤臣倍健,10157500,通用,2010-06-30 00:00:00,中报,2010中报,058001001,2010-11-26 00:00:00,2010-11-26 00:00:00,CNY,,11078142.55,16754223.61,,5959351.41,,,,,,,,,,,,,,,,9551821.64,1695801.44,,,,,,,0,,0,,,188062.92,,,,1406921,,,,,,,,,,,48013762.59,,,,,,,,,,,,2509007.33,,,,,35733063.98,,,,,,,,,,,,,6854538.34,,,,71747182.73,,,,,,,11078142.55,16968809.51,,214585.9,,,,,,,,,,,150000,3537994.73,1893771.74,,,,,,,,,,13765062.29,,,,,,,,41000000,,,12000000.0,,,2525365.64,,8836350.63,4037545.47,200775983.87,140107890.25,39138399.8,161487584.07,200775983.87,39288399.8,60668093.62,150000,3537994.73,1893771.74,161487584.07,,,,,,102099411.8,,,,,,,,,,,,,,,,,,,,,,,,,,,,,,,,,,,,,,,,,,,,,,,,,,,,,,,,,,,,,,,,,,,,,,,,,,,,,,,,,,,,,,,,,,,,,,,,,,,,,,,,,,,,,,,,,,,,,,,,,,,,,,,,,,,,,,,,,,,,,,,,,,,,,,,,,,,标准无保留意见,,0
300146.SZ,300146,汤臣倍健,10157500,通用,2009-12-31 00:00:00,年报,2009年报,058001001,2011-04-18 00:00:00,2011-04-18 00:00:00,CNY,,9255102.04,7568147.77,,11127179.85,,,,,,,,,,,,,,,,9551821.64,,,,,,,,0,,0,,,122046.75,,,,1038900,,,,,,,,,,,45870399.99,,,,,,,,,,,,2790720.05,,,,,33447172.28,,,,,,,,,,,,,7185983.07,,,,41085937.86,,,,,,,9255102.04,7718675.53,,150527.76,,,,,,,,,,,150000,5124998.19,1069547.24,,,,,,,,,,9103960.41,,,,,,,,41000000,,,12000000.0,,,3110820.64,,8836350.63,1660972.9,149433343.18,92425293.32,42279073.62,107004269.56,149433343.18,42429073.62,57008049.86,150000,5124998.19,1069547.24,107004269.56,,,,,,47616097.29,,,,17.9809857464,-1.4741813525,,38.4457743548,,,,,,,,,,,,,,,,19.4915468685,,,,,,,,,,,,,23.3845095292,,,,,,,,,,,,,,,,132.3424510595,,,,,,,,,,,75.6988325684,,,,,96.5418088905,,,,,,,,,,,,,46.1631431611,,,,95.0018050462,,,,,,,17.9809857464,-0.2966630289,,149.810411439,,,,,,,,,,,,38.5812240714,107.9448575204,,,,,,,,,,101.9777418584,,,,,,,,36.6666666667,,,33.3333333333,,,25.3305366507,,112.9043001799,-56.9824250915,93.5739931339,81.7579775599,21.062944408,153.1219666531,93.5739931339,21.4924581155,116.3800053707,,38.5812240714,107.9448575204,153.1219666531,,,,,,36615.1888350153,,,标准无保留意见,,0
300146.SZ,300146,汤臣倍健,10157500,通用,2008-12-31 00:00:00,年报,2008年报,058001001,2010-11-26 00:00:00,2010-11-26 00:00:00,CNY,,7844570.87,7681385.32,,8037211.61,,,,,,,,,,,,,,,,7993721.64,,,,,,,,0,,0,,,98915.78,,,,,,,,,,,,,,,19742582.46,,,,,,,,,,,,1588354.35,,,,,17017840.87,,,,,,,,,,,,,4916412.52,,,,21069516.69,,,,,,,7844570.87,7741642.12,,60256.8,,,,,,,,,,,,3698190.88,514341.76,,,,,,,,,,4507407.76,,,,,,,,30000000,,,9000000,,,2482093.13,,4150386.17,3861149.55,77197014.31,50850749.2,34923216.04,42273798.27,77197014.31,34923216.04,26346265.11,,3698190.88,514341.76,42273798.27,,,,,,129690.46,,,,-4.4624796863,111.2945844281,,281.1046440515,,,,,,,,,,,,,,,,-3.2238197945,,,,,,,,,,,,,-9.7737973097,,,,,,,,,,,,,,,,176.0947151687,,,,,,,,,,,6.0990589964,,,,,13.0581232078,,,,,,,,,,,,,,,,,182.3652873397,,,,,,,-4.4624796863,112.9520895505,,,,,,,,,,,,,,-54.2642196703,-81.5787241546,,,,,,,,,,1.7483385973,,,,,,,,2207.6923076923,,,,,,271.6834290053,,35.0963134396,4.6595486004,71.6676334352,42.0480444874,53.4213436385,90.3716090185,71.6676334352,53.4213436385,187.2903213126,,-54.2642196703,-81.5787241546,90.3716090185,,,,,,-98.6453548026,,,标准无保留意见,,0
300146.SZ,300146,汤臣倍健,10157500,通用,2007-12-31 00:00:00,年报,2007年报,058001001,2010-11-26 00:00:00,2010-11-26 00:00:00,CNY,,8210984.38,3635391.48,,2108925.13,,,,,,,,,,,,,,,,8260009.46,413271.53,,,,,,,0,,0,,,109630.88,,,,,,,,,,,,,,,7150655.69,,,,,,,,,,,,1497048.48,,,,,15052293.8,,,,,,,,,,,,,,,,,7461794.22,,,,,,,8210984.38,3635391.48,,,,,,,,,,,,,,8085990.56,2792107.15,,,,,,,,,,4429957.11,,,,,,,,1300000,,,,,,667797.63,,3072168.34,3689247.28,44968881.3,35798274.72,22762944.98,22205936.32,44968881.3,22762944.98,9170606.58,,8085990.56,2792107.15,22205936.32,2426730.96,,,,,9573758.52,,,,,,,,,,,,,,,,,,,,,,,,,,,,,,,,,,,,,,,,,,,,,,,,,,,,,,,,,,,,,,,,,,,,,,,,,,,,,,,,,,,,,,,,,,,,,,,,,,,,,,,,,,,,,,,,,,,,,,,,,,,,,,,,,,,,,,,,,,,,,,,,,,,,,,,,,,,标准无保留意见,,0
